AFARS ET ISSAS|AI
AFGHANISTAN|AF
AFRIQUE DU SUD|ZA
ALBANIA|AL
ALBANIE|AL
ALGERIA|DZ
ALGÉRIE|DZ
ALLEMAGNE|DE
ALLEMANDE, RÉPUBLIQUE DÉMOCRATIQUE|DD
AMERICAN SAMOA|AS
ANDORRA|AD
ANDORRE|AD
ANGOLA|AO
ANGUILLA|AI
ANTARCTICA|AQ
ANTARCTIQUE, TERRITOIRE BRITANNIQUE DE L'|BQ
ANTARCTIQUE|AQ
ANTIGUA AND BARBUDA|AG
ANTIGUA-ET-BARBUDA|AG
ANTILLES NÉERLANDAISES (LES ) |AN
ARABIE SAOUDITE|SA
ARGENTINA|AR
ARGENTINE|AR
ARMENIA|AM
ARMÉNIE|AM
ARUBA|AW
AUSTRALES ET ANTARCTIQUES FRANÇAISES, TERRES|FQ
AUSTRALIA|AU
AUSTRALIE|AU
AUSTRIA|AT
AUTRICHE|AT
AZERBAIJAN|AZ
AZERBAÏDJAN|AZ
Aelōn̄ in M̧ajeļ|MH
Afars et Issas|AI
Afghanistan (l')|AF
Afghanistan|AF
Afghānestān|AF
Afghānistān|AF
Afrika Tshipembe|ZA
Afrika-Borwa|ZA
Afrika-Dzonga|ZA
Afrique du Sud (l')|ZA
Al Baḩrayn|BH
Al Imārāt|AE
Al Jazā'ir|DZ
Al Jumhūrīyah al ‘Arabīyah as Sūrīyah|SY
Al Kuwayt|KW
Al Maghrib|MA
Al Qamar|KM
Al Urdun|JO
Al Yaman|YE
Al ‘Irāq|IQ
Albania|AL
Albanie (l')|AL
Algeria|DZ
Algérie (l')|DZ
Allemagne (l')|DE
Allemande, République démocratique|DD
American Samoa|AS
Andorra|AD
Andorre (l')|AD
Angola (l')|AO
Angola|AO
Anguilla|AI
Antarctica|AQ
Antarctique (l')|AQ
Antarctique, Territoire britannique de l'|BQ
Antigua and Barbuda|AG
Antigua-et-Barbuda|AG
Antilles néerlandaises (les ) |AN
Aomen|MO
Aotearoa|NZ
Arabie saoudite (l')|SA
Argentina (la)|AR
Argentina|AR
Argentine (l')|AR
Armenia|AM
Arménie (l')|AM
Aruba|AW
As Su‘ūdīyah|SA
As Sūdān|SD
Australes et Antarctiques françaises, Terres|FQ
Australia|AU
Australie (l')|AU
Austria|AT
Autriche (l')|AT
Ayiti|HT
Azerbaijan|AZ
Azerbaïdjan (l')|AZ
Azərbaycan|AZ
Aş Şaḩrā' al Gharbīyah|EH
Aş Şūmāl|SO
BAHAMAS|BS
BAHRAIN|BH
BAHREÏN|BH
BANGLADESH|BD
BARBADE|BB
BARBADOS|BB
BELARUS|BY
BELGIQUE|BE
BELGIUM|BE
BELIZE|BZ
BENIN|BJ
BERMUDA|BM
BERMUDES|BM
BHOUTAN|BT
BHUTAN|BT
BIRMANIE|BU
BIÉLORUSSIE, RSS DE|BY
BOLIVIA, PLURINATIONAL STATE OF|BO
BOLIVIE, ÉTAT PLURINATIONAL DE|BO
BONAIRE, SAINT-EUSTACHE ET SABA|BQ
BONAIRE, SINT EUSTATIUS AND SABA|BQ
BONAIRE, SINT EUSTATIUS EN SABA|BQ
BOSNIA AND HERZEGOVINA|BA
BOSNIE-HERZÉGOVINE|BA
BOTSWANA|BW
BOUVET ISLAND|BV
BOUVET, ÎLE|BV
BRAZIL|BR
BRITISH ANTARCTIC TERRITORY|BQ
BRITISH INDIAN OCEAN TERRITORY|IO
BRUNEI DARUSSALAM|BN
BRÉSIL|BR
BULGARIA|BG
BULGARIE|BG
BURKINA FASO|BF
BURUNDI|BI
BYELORUSSIAN SSR|BY
Bahamas (les)|BS
Bahamas (the)|BS
Bahrain|BH
Bahreïn|BH
Bangladesh (le)|BD
Bangladesh|BD
Barbade (la)|BB
Barbados|BB
Belarus'|BY
Belarus|BY
Belgien|BE
Belgique (la)|BE
Belgium|BE
België|BE
Belize (le)|BZ
Belize|BZ
Benin|BJ
Bermuda|BM
Bermudes (les)|BM
Bhoutan (le)|BT
Bhutan|BT
Bhārat|IN
Bielaruś|BY
Birmanie|BU
Biélorussie, RSS de|BY
Bolivia,  Estado Plurinacional de|BO
Bolivia, Plurinational State of|BO
Bolivie, l'État plurinational de la|BO
Bonaire, Saint-Eustache et Saba|BQ
Bonaire, Sint Eustatius and Saba|BQ
Bonaire, Sint Eustatius en Saba|BQ
Bosna i Hercegovina|BA
Bosnia and Herzegovina|BA
Bosnie-Herzégovine (la)|BA
Botswana (le)|BW
Botswana|BW
Bouvet (l'Île)|BV
Bouvet Island|BV
Bouvetøya|BV
Brasil (o)|BR
Brazil|BR
British Antarctic Territory|BQ
British Indian Ocean Territory (the)|IO
British Virgin Islands (the)|VG
Brunei (le)|BN
Brunei Darussalam|BN
Brésil (le)|BR
Bulgaria|BG
Bulgarie (la)|BG
Burkina Faso (le)|BF
Burkina Faso|BF
Burma|BU
Burundi (le)|BI
Burundi|BI
Byelorussian SSR|BY
BÉLARUS|BY
BÉNIN|BJ
Bélarus (le)|BY
Bénin (le)|BJ
Bāṁlādesh|BD
CABO VERDE|CV
CAMBODGE|KH
CAMBODIA|KH
CAMEROON|CM
CAMEROUN|CM
CANADA|CA
CANTON AND ENDERBURY ISLANDS|CT
CANTON ET ENDERBURY, ÎLES|CT
CAYMAN ISLANDS|KY
CAÏMANS, ÎLES|KY
CENTRAFRICAINE, RÉPUBLIQUE|CF
CENTRAL AFRICAN REPUBLIC|CF
CHAD|TD
CHILE|CL
CHILI|CL
CHINA|CN
CHINE|CN
CHRISTMAS ISLAND|CX
CHRISTMAS, ÎLE|CX
CHYPRE|CY
COCOS (KEELING) ISLANDS|CC
COCOS (KEELING), ÎLES|CC
COLOMBIA|CO
COLOMBIE|CO
COMORES|KM
COMOROS|KM
CONGO, DEMOCRATIC REPUBLIC OF THE|CD
CONGO, RÉPUBLIQUE DÉMOCRATIQUE DU|CD
CONGO|CG
COOK ISLANDS|CK
COOK, ÎLES|CK
CORÉE, RÉPUBLIQUE DE|KR
CORÉE, RÉPUBLIQUE POPULAIRE DÉMOCRATIQUE DE|KP
COSTA RICA|CR
CROATIA|HR
CROATIE|HR
CUBA|CU
CURAÇAO|CW
CYPRUS|CY
CZECH REPUBLIC|CZ
CZECHOSLOVAKIA|CS
Cabo Verde|CV
Cambodge (le)|KH
Cambodia|KH
Cameroon|CM
Cameroun (le)|CM
Canada (le)|CA
Canada|CA
Canton and Enderbury Islands|CT
Canton et Enderbury, Îles|CT
Cayman Islands (the)|KY
Caïmans (les Îles)|KY
Central African Republic (the)|CF
Chad|TD
Chile|CL
Chili (le)|CL
China|CN
Chine (la)|CN
Chiṅkappūr|SG
Chosŏn|KP
Christmas (l'Île)|CX
Christmas Island|CX
Chypre|CY
Cocos (Keeling) Islands (the)|CC
Cocos (les Îles)/ Keeling (les Îles)|CC
Colombia|CO
Colombie (la)|CO
Comores (les)|KM
Comoros|KM
Congo (la République démocratique du)|CD
Congo (le)|CG
Congo (the Democratic Republic of the)|CD
Congo|CG
Cook (les Îles)|CK
Cook Islands (the)|CK
Corée (la République de)|KR
Corée (la République populaire démocratique de )|KP
Costa Rica (le)|CR
Costa Rica|CR
Croatia|HR
Croatie (la)|HR
Cuba|CU
Curaçao|CW
Cyprus|CY
Czech Republic (the)|CZ
Czechoslovakia|CS
CÔTE D'IVOIRE|CI
Côte d'Ivoire (la)|CI
Côte d'Ivoire|CI
DAHOMEY|DY
DANEMARK|DK
DENMARK|DK
DJIBOUTI|DJ
DOMINICAINE, RÉPUBLIQUE|DO
DOMINICAN REPUBLIC|DO
DOMINICA|DM
DOMINIQUE|DM
DRONNING MAUD LAND|NQ
Dahomey|DY
Danemark (le)|DK
Danmark|DK
Dawlat Filasţīn|PS
Denmark|DK
Deutschland|DE
Dhivehi Raajje|MV
Djibouti|DJ
Dominican Republic (the)|DO
Dominica|DM
Dominique (la)|DM
Dronning Maud Land|NQ
Druk-Yul|BT
ECUADOR|EC
EGYPT|EG
EL SALVADOR|SV
EQUATORIAL GUINEA|GQ
ERITREA|ER
ESPAGNE|ES
ESTONIA|EE
ESTONIE|EE
ETHIOPIA|ET
East Timor|TP
Ecuador (el)|EC
Ecuador|EC
Eesti|EE
Egypt|EG
El Salvador|SV
Ellás/Elláda|GR
Equatorial Guinea|GQ
Eritrea|ER
Espagne (l')|ES
España|ES
Estonia|EE
Estonie (l')|EE
Ethiopia|ET
FALKLAND ISLANDS (MALVINAS)|FK
FALKLAND, ÎLES (MALVINAS)|FK
FAROE ISLANDS|FO
FIDJI|FJ
FIJI|FJ
FINLANDE|FI
FINLAND|FI
FRANCE, METROPOLITAINE|FX
FRANCE|FR
FRENCH AFARS AND ISSAS|AI
FRENCH GUIANA|GF
FRENCH POLYNESIA|PF
FRENCH SOUTHERN AND ANTARCTIC TERRITORIES|FQ
FRENCH SOUTHERN TERRITORIES|TF
Falkland (les Îles)/Malouines (les Îles)|FK
Falkland Islands (the) [Malvinas]|FK
Faroe Islands (the)|FO
Fidji (les)|FJ
Fiji|FJ
Finlande (la)|FI
Finland|FI
France (la)|FR
France, Metropolitaine|FX
France, Metropolitan|FX
France|FR
French Afars and Issas|AI
French Guiana|GF
French Polynesia|PF
French Southern Territories (the)|TF
French Southern and Antarctic Territories|FQ
FÉROÉ, ÎLES|FO
Færøerne|FO
Féroé (les Îles)|FO
Føroyar|FO
GABON|GA
GAMBIA|GM
GAMBIE|GM
GEORGIA|GE
GERMAN DEMOCRATIC REPUBLIC|DD
GERMANY|DE
GHANA|GH
GIBRALTAR|GI
GILBERT AND ELLICE ISLANDS|GE
GILBERT ET ELLICE, ÎLES|GE
GREECE|GR
GREENLAND|GL
GRENADA|GD
GRENADE|GD
GROENLAND|GL
GRÈCE|GR
GUADELOUPE|GP
GUAM|GU
GUATEMALA|GT
GUERNESEY|GG
GUERNSEY|GG
GUINEA-BISSAU|GW
GUINEA|GN
GUINÉE ÉQUATORIALE|GQ
GUINÉE-BISSAU|GW
GUINÉE|GN
GUYANA|GY
GUYANE FRANÇAISE|GF
Gabon (le)|GA
Gabon|GA
Gambia (The)|GM
Gambie (la)|GM
Georgia|GE
German Democratic Republic|DD
Germany|DE
Ghana (le)|GH
Ghana|GH
Gibraltar|GI
Gilbert and Ellice Islands|GE
Gilbert et Ellice, Îles|GE
Greece|GR
Greenland|GL
Grenada|GD
Grenade (la)|GD
Groenland (le)|GL
Grèce (la)|GR
Grønland|GL
Guadeloupe (la)|GP
Guadeloupe|GP
Guam|GU
Guatemala (le)|GT
Guatemala|GT
Guernesey|GG
Guernsey|GG
Guinea Ecuatorial|GQ
Guinea-Bissau|GW
Guinea|GN
Guiné Equatorial (a)|GQ
Guiné-Bissau (a)|GW
Guinée (la)|GN
Guinée équatoriale (la)|GQ
Guinée-Bissau (la)|GW
Guyana (le)|GY
Guyana|GY
Guyane française (la )|GF
GÉORGIE DU SUD-ET-LES ÎLES SANDWICH DU SUD|GS
GÉORGIE|GE
Géorgie (la)|GE
Géorgie du Sud-et-les Îles Sandwich du Sud (la)|GS
HAITI|HT
HAUTE-VOLTA|HV
HAÏTI|HT
HEARD ISLAND AND MCDONALD ISLANDS|HM
HEARD-ET-ÎLES MACDONALD, ÎLE|HM
HOLY SEE (VATICAN CITY STATE)|VA
HONDURAS|HN
HONG KONG|HK
HONGRIE|HU
HUNGARY|HU
Haiti|HT
Hanguk|KR
Haute-Volta|HV
Hayastan|AM
Haïti|HT
Heard Island and McDonald Islands|HM
Heard-et-Îles MacDonald (l'Île)|HM
Holy See (the) [Vatican City State]|VA
Honduras (le)|HN
Honduras|HN
Hong Kong, Région administrative spéciale de Chine (la)|HK
Hong Kong|HK
Hongrie (la)|HU
Hrvatska|HR
Hungary|HU
ICELAND|IS
INDE|IN
INDIA|IN
INDONESIA|ID
INDONÉSIE|ID
IRAN (RÉPUBLIQUE ISLAMIQUE D')|IR
IRAN, ISLAMIC REPUBLIC OF|IR
IRAQ|IQ
IRELAND|IE
IRLANDE|IE
ISLANDE|IS
ISLE OF MAN|IM
ISRAEL|IL
ISRAËL|IL
ITALIE|IT
ITALY|IT
Iceland|IS
Iertra|ER
Ilaṅkai|LK
Inde (l')|IN
India|IN
Indien (le Territoire britannique de l'océan)|IO
Indonesia|ID
Indonésie (l')|ID
Iran (République Islamique d')|IR
Iran (the Islamic Republic of)|IR
Iraq (l')|IQ
Iraq|IQ
Ireland|IE
Irlande (l')|IE
Irītrīyā|ER
Islande (l')|IS
Isle of Man|IM
Israel|IL
Israël|IL
Isrā'īl|IL
Italia (l')|IT
Italie (l')|IT
Italy|IT
JAMAICA|JM
JAMAÏQUE|JM
JAPAN|JP
JAPON|JP
JERSEY|JE
JOHNSTON ISLAND|JT
JOHNSTON, ÎLE|JT
JORDANIE|JO
JORDAN|JO
Jamaica|JM
Jamaïque (la)|JM
Jamhuri ya Muungano wa Tanzania|TZ
Japan|JP
Japon (le)|JP
Jersey|JE
Johnston Island|JT
Johnston, Île|JT
Jomhūrī-ye Eslāmī-ye Īrān|IR
Jordanie (la)|JO
Jordan|JO
Jībūtī|DJ
KAZAKHSTAN|KZ
KENYA|KE
KIRGHIZISTAN|KG
KIRIBATI|KI
KOREA, DEMOCRATIC PEOPLE'S REPUBLIC OF|KP
KOREA, REPUBLIC OF|KR
KOWEÏT|KW
KUWAIT|KW
KYRGYZSTAN|KG
Kalaallit Nunaat|GL
Kazahstan|KZ
Kazakhstan (le)|KZ
Kazakhstan|KZ
Kenya (le)|KE
Kenya|KE
Kirghizistan (le)|KG
Kiribati (les)|KI
Kiribati|KI
Korea (the Democratic People's Republic of)|KP
Korea (the Republic of)|KR
Koweït (le)|KW
Kuwait|KW
Kyrgyzstan|KG
Kâmpŭchéa|KH
Ködörösêse tî Bêafrîka|CF
Kýpros|CY
Kıbrıs|CY
LAO PEOPLE'S DEMOCRATIC REPUBLIC|LA
LAO, RÉPUBLIQUE DÉMOCRATIQUE POPULAIRE|LA
LATVIA|LV
LEBANON|LB
LESOTHO|LS
LETTONIE|LV
LIBAN|LB
LIBERIA|LR
LIBYA|LY
LIBYE|LY
LIBÉRIA|LR
LIECHTENSTEIN|LI
LITHUANIA|LT
LITUANIE|LT
LUXEMBOURG|LU
Lao People's Democratic Republic (the)|LA
Lao, République démocratique populaire|LA
Latvia|LV
Latvija|LV
Lebanon|LB
Lesotho (le)|LS
Lesotho|LS
Lettonie (la)|LV
Liban (le)|LB
Liberia|LR
Libya|LY
Libye|LY
Libéria (le)|LR
Liechtenstein (le)|LI
Liechtenstein|LI
Lietuva|LT
Lithuania|LT
Lituanie (la)|LT
Lubnān|LB
Luxembourg (le)|LU
Luxembourg|LU
Luxemburg|LU
Lëtzebuerg|LU
Lībiyā|LY
MACAO|MO
MACEDONIA, THE FORMER YUGOSLAV REPUBLIC OF|MK
MACÉDOINE, L'EX-RÉPUBLIQUE YOUGOSLAVE DE|MK
MADAGASCAR|MG
MALAISIE|MY
MALAWI|MW
MALAYSIA|MY
MALDIVES|MV
MALI|ML
MALTA|MT
MALTE|MT
MARIANNES DU NORD, ÎLES|MP
MAROC|MA
MARSHALL ISLANDS|MH
MARSHALL, ÎLES|MH
MARTINIQUE|MQ
MAURICE|MU
MAURITANIA|MR
MAURITANIE|MR
MAURITIUS|MU
MAYOTTE|YT
MEXICO|MX
MEXIQUE|MX
MICRONESIA, FEDERATED STATES OF|FM
MICRONÉSIE, ÉTATS FÉDÉRÉS DE|FM
MIDWAY ISLANDS|MI
MIDWAY, ÎLES|MI
MOLDOVA, REPUBLIC OF|MD
MOLDOVA, RÉPUBLIQUE DE|MD
MONACO|MC
MONGOLIA|MN
MONGOLIE|MN
MONTENEGRO|ME
MONTSERRAT|MS
MONTÉNÉGRO|ME
MOROCCO|MA
MOZAMBIQUE|MZ
MYANMAR|MM
Macao Special Administrative Region of China|MO
Macao, Région administrative spéciale de Chine|MO
Macao|MO
Macau|MO
Macedonia (the former Yugoslav Republic of)|MK
Macédoine (l'ex‑République yougoslave de)|MK
Madagascar|MG
Madagasikara|MG
Magyarország|HU
Malaisie (la)|MY
Malawi (le)|MW
Malawi|MW
Malaysia|MY
Malaŵi|MW
Maldives (les)|MV
Maldives|MV
Mali (le)|ML
Mali|ML
Malta|MT
Malte|MT
Mariannes du Nord (les Îles)|MP
Maroc (le)|MA
Marshall (Îles)|MH
Marshall Islands (the)|MH
Martinique (la)|MQ
Martinique|MQ
Maurice|MU
Mauritania|MR
Mauritanie (la)|MR
Mauritius|MU
Mayotte|YT
Mexico|MX
Mexique (le)|MX
Micronesia (the Federated States of)|FM
Micronésie, États fédérés de|FM
Midway Islands|MI
Midway, Îles|MI
Mişr|EG
Moldova (the Republic of)|MD
Moldova , République de|MD
Monaco|MC
Mongolia|MN
Mongolie (la)|MN
Mongol|MN
Montenegro|ME
Montserrat|MS
Monténégro (le)|ME
Morocco|MA
Mozambique (le)|MZ
Mozambique|MZ
Moçambique|MZ
Myanmar (le)|MM
Myanmar|MM
Myanma|MM
Mzantsi Afrika|ZA
México|MX
Mūrītāniyā|MR
NAMIBIA|NA
NAMIBIE|NA
NAURU|NR
NEPAL|NP
NETHERLANDS|NL
NEW CALEDONIA|NC
NEW HEBRIDES|NH
NEW ZEALAND|NZ
NICARAGUA|NI
NIGERIA|NG
NIGER|NE
NIGÉRIA|NG
NIUE|NU
NORFOLK ISLAND|NF
NORFOLK, ÎLE|NF
NORTHERN MARIANA ISLANDS|MP
NORVÈGE|NO
NORWAY|NO
NOUVELLE-CALÉDONIE|NC
NOUVELLE-ZÉLANDE|NZ
NOUVELLES-HÉBRIDES|NH
Namibia|NA
Namibie (la)|NA
Naoero|NR
Nauru|NR
Nederland|NL
Negara Brunei Darussalam|BN
Nepal|NP
Nepāl|NP
Netherlands (the)|NL
Netherlands Antilles|AN
Neutral Zone|NT
New Caledonia|NC
New Hebrides|NH
New Zealand|NZ
Nicaragua (le)|NI
Nicaragua|NI
Niger (le)|NE
Niger (the)|NE
Nigeria|NG
Nigéria (le)|NG
Nihon/Nippon|JP
Ningizimu AfrikaA|ZA
Ningizimu Afrika|ZA
Niue|NU
Noreg|NO
Norfolk (l'Île)|NF
Norfolk Island|NF
Norge|NO
Northern Mariana Islands (the)|MP
Norvège (la)|NO
Norway|NO
Nouvelle-Calédonie (la)|NC
Nouvelle-Zélande (la)|NZ
Nouvelles-Hébrides|NH
NÉPAL|NP
Népal (le)|NP
OCÉAN INDIEN, TERRITOIRE BRITANNIQUE DE L'|IO
OMAN|OM
OUGANDA|UG
OUZBÉKISTAN|UZ
Oman|OM
Ouganda (l')|UG
Ouzbékistan (l')|UZ
O‘zbekiston|UZ
PACIFIC ISLANDS (TRUST TERRITORY)|PC
PACIFIQUE, DIVERSES ÎLES DU (ÉTATS-UNIS)|PU
PACIFIQUE, ÎLES DU (TERRITOIRE SOUS TUTELLE)|PC
PAKISTAN|PK
PALAOS|PW
PALAU|PW
PALESTINE, STATE OF|PS
PALESTINE, ÉTAT DE|PS
PANAMA CANAL ZONE|PZ
PANAMA, ZONE DU CANAL DE|PZ
PANAMA|PA
PAPOUASIE-NOUVELLE-GUINÉE|PG
PAPUA NEW GUINEA|PG
PARAGUAY|PY
PAYS-BAS|NL
PERU|PE
PHILIPPINES|PH
PITCAIRN|PN
POLAND|PL
POLOGNE|PL
POLYNÉSIE FRANÇAISE|PF
PORTO RICO|PR
PORTUGAL|PT
PUERTO RICO|PR
Pacific Islands (Trust Territory)|PC
Pacifique, Diverses îles du (États-Unis)|PU
Pacifique, Îles du (territoire sous tutelle)|PC
Pakistan (le)|PK
Pakistan|PK
Palaos (les)|PW
Palau|PW
Palestine, State of|PS
Palestine, État de|PS
Panama (le)|PA
Panama Canal Zone|PZ
Panama, Zone du Canal de|PZ
Panama|PA
Panamá|PA
Papouasie-Nouvelle-Guinée (la)|PG
Papua New Guinea|PG
Papuaniugini|PG
Paraguay (el)|PY
Paraguay (le)|PY
Paraguay|PY
Pays-Bas (les)|NL
Peru|PE
Perú (el)|PE
Perú|PE
Philippines (les)|PH
Philippines (the)|PH
Pilipinas|PH
Pitcairn|PN
Poland|PL
Pologne (la)|PL
Polska|PL
Polynésie française (la)|PF
Poranešna Jugoslovenska Republika Makedonija|MK
Porto Rico|PR
Portugal (le)|PT
Portugal|PT
Prathet Thai|TH
Puerto Rico|PR
PÉROU|PE
Pérou (le)|PE
Pākistān|PK
QATAR|QA
Qatar (le)|QA
Qatar|QA
Qazaqstan|KZ
Qaţar|QA
RHODÉSIE DU SUD|RH
ROMANIA|RO
ROUMANIE|RO
ROYAUME-UNI|GB
RUSSIAN FEDERATION|RU
RUSSIE, FÉDÉRATION DE|RU
RWANDA|RW
Republica Moldova|MD
República Dominicana (la)|DO
Rhodésie du Sud|RH
Romania|RO
România|RO
Rossijskaja Federacija|RU
Roumanie (la)|RO
Royaume-Uni (le)|GB
Russian Federation (the)|RU
Russie (la Fédération de)|RU
Rwanda (le)|RW
Rwanda|RW
RÉUNION|RE
République arabe syrienne (la)|SY
République centrafricaine (la)|CF
Réunion (La)|RE
Réunion|RE
SAHARA OCCIDENTAL*|EH
SAINT BARTHÉLEMY|BL
SAINT HELENA, ASCENSION AND TRISTAN DA CUNHA|SH
SAINT KITTS AND NEVIS|KN
SAINT LUCIA|LC
SAINT MARTIN (FRENCH PART)|MF
SAINT PIERRE AND MIQUELON|PM
SAINT VINCENT AND THE GRENADINES|VC
SAINT-BARTHÉLEMY|BL
SAINT-KITTS-ET-NEVIS|KN
SAINT-MARIN|SM
SAINT-MARTIN (PARTIE FRANÇAISE)|MF
SAINT-MARTIN (PARTIE NÉERLANDAISE)|SX
SAINT-PIERRE-ET-MIQUELON|PM
SAINT-SIÈGE (ÉTAT DE LA CITÉ DU VATICAN)|VA
SAINT-VINCENT-ET-LES GRENADINES|VC
SAINTE-HÉLÈNE, ASCENSION ET TRISTAN DA CUNHA|SH
SAINTE-LUCIE|LC
SALOMON, ÎLES|SB
SAMOA AMÉRICAINES|AS
SAMOA|WS
SAN MARINO|SM
SAO TOME AND PRINCIPE|ST
SAO TOMÉ-ET-PRINCIPE|ST
SAUDI ARABIA|SA
SENEGAL|SN
SERBIA AND MONTENEGRO|CS
SERBIA|RS
SERBIE-ET-MONTÉNÉGRO|CS
SERBIE|RS
SEYCHELLES|SC
SIERRA LEONE|SL
SIKKIM|SK
SINGAPORE|SG
SINGAPOUR|SG
SINT MAARTEN (DUTCH PART)|SX
SLOVAKIA|SK
SLOVAQUIE|SK
SLOVENIA|SI
SLOVÉNIE|SI
SOLOMON ISLANDS|SB
SOMALIA|SO
SOMALIE|SO
SOUDAN DU SUD|SS
SOUDAN|SD
SOUTH AFRICA|ZA
SOUTH GEORGIA AND THE SOUTH SANDWICH ISLANDS|GS
SOUTH SUDAN|SS
SOUTHERN RHODESIA|RH
SPAIN|ES
SRI LANKA|LK
SUDAN|SD
SUISSE|CH
SURINAME|SR
SUÈDE|SE
SVALBARD AND JAN MAYEN|SJ
SVALBARD ET ÎLE JAN MAYEN|SJ
SWAZILAND|SZ
SWEDEN|SE
SWITZERLAND|CH
SYRIAN ARAB REPUBLIC|SY
SYRIENNE, RÉPUBLIQUE ARABE|SY
Sahara occidental (le)*|EH
Saint Barthélemy|BL
Saint Helena, Ascension and Tristan da Cunha|SH
Saint Kitts and Nevis|KN
Saint Lucia|LC
Saint Martin (French part)|MF
Saint Pierre and Miquelon|PM
Saint Vincent and the Grenadines|VC
Saint-Barthélemy|BL
Saint-Kitts-et-Nevis|KN
Saint-Marin|SM
Saint-Martin (partie française)|MF
Saint-Martin (partie néerlandaise)|SX
Saint-Pierre-et-Miquelon|PM
Saint-Siège (le) [État de la Cité du Vatican (l')]|VA
Saint-Vincent-et-les-Grenadines|VC
Sainte-Hélène, Ascension et Tristan da Cunha|SH
Sainte-Lucie|LC
Sakartvelo|GE
Salomon (Îles)|SB
Salvador (le)|SV
Samoa (les)|WS
Samoa américaines (les)|AS
Samoa|WS
San Marino|SM
Sancta Sedes|VA
Santa Sede (la)|VA
Sao Tome and Principe|ST
Sao Tomé-et-Principe|ST
Sathalanalat Paxathipatai Paxaxôn Lao|LA
Saudi Arabia|SA
Schweiz (die)|CH
Senegal|SN
Serbia and Montenegro|CS
Serbia|RS
Serbie-et-Monténégro|CS
Serbie|RS
Sewula Afrika|ZA
Seychelles (les)|SC
Seychelles|SC
Shqipëria; Shqipëri|AL
Shrī Laṁkā|LK
Sierra Leone (la)|SL
Sierra Leone|SL
Sikkim|SK
Singapore|SG
Singapour|SG
Singapura|SG
Sint Maarten (Dutch part)|SX
Sint Maarten|SX
Slovakia|SK
Slovaquie (la)|SK
Slovenia|SI
Slovenija|SI
Slovensko|SK
Slovénie (la)|SI
Solomon Islands (the)|SB
Somalia|SO
Somalie (la)|SO
Soomaaliya|SO
Soudan (le)|SD
Soudan du Sud (le)|SS
South Africa|ZA
South Georgia and the South Sandwich Islands|GS
South Sudan |SS
Southern Rhodesia|RH
Spain|ES
Srbija|RS
Sri Lanka (le)|LK
Sri Lanka|LK
Sudan (the)|SD
Suid-Afrika|ZA
Suisse (la)|CH
Suomi|FI
Suriname (le)|SR
Suriname|SR
Suède (la)|SE
Svalbard and Jan Mayen|SJ
Svalbard et l'Île Jan Mayen (le)|SJ
Svalbard og Jan Mayen|SJ
Sverige|SE
Svizra (la)|CH
Svizzera (la)|CH
Swaziland (le)|SZ
Swaziland|SZ
Sweden|SE
Switzerland|CH
Syrian Arab Republic (the)|SY
SÉNÉGAL|SN
São Tomé e Príncipe|ST
Sénégal (le)|SN
TADJIKISTAN|TJ
TAIWAN, PROVINCE OF CHINA|TW
TAJIKISTAN|TJ
TANZANIA, UNITED REPUBLIC OF|TZ
TANZANIE, RÉPUBLIQUE-UNIE DE|TZ
TAÏWAN, PROVINCE DE CHINE|TW
TCHAD|TD
TCHÈQUE, RÉPUBLIQUE|CZ
TCHÉCOSLOVAQUIE|CS
TERRE DE LA REINE MAUD|NQ
TERRES AUSTRALES FRANÇAISES|TF
THAILAND|TH
THAÏLANDE|TH
TIMOR ORIENTAL|TP
TIMOR-LESTE|TL
TOGO|TG
TOKELAU|TK
TONGA|TO
TRINIDAD AND TOBAGO|TT
TRINITÉ-ET-TOBAGO|TT
TUNISIA|TN
TUNISIE|TN
TURKEY|TR
TURKMENISTAN|TM
TURKMÉNISTAN|TM
TURKS AND CAICOS ISLANDS|TC
TURKS-ET-CAÏCOS, ÎLES|TC
TURQUIE|TR
TUVALU|TV
Tadjikistan (le)|TJ
Taiwan (Province of China)|TW
Taiwan|TW
Tajikistan|TJ
Tanzania, United Republic of|TZ
Tanzanie, République-Unie de|TZ
Taïwan (Province de Chine)|TW
Tchad (le)|TD
Tchécoslovaquie|CS
Terre de la Reine Maud|NQ
Terres australes françaises (les)|TF
Thailand|TH
Thaïlande (la)|TH
Timor oriental|TP
Timor-Leste (le)|TL
Timor-Leste|TL
Togo (le)|TG
Togo|TG
Tojikiston|TJ
Tokelau (les)|TK
Tokelau|TK
Tonga (les)|TO
Tonga|TO
Trinidad and Tobago|TT
Trinité-et-Tobago (la)|TT
Tshād|TD
Tunisia|TN
Tunisie (la)|TN
Turkey|TR
Turkmenistan|TM
Turkménistan (le)|TM
Turks and Caicos Islands (the)|TC
Turks-et-Caïcos (les Îles)|TC
Turquie (la)|TR
Tuvalu (les)|TV
Tuvalu|TV
Türkiye|TR
Türkmenistan|TM
Tūnus|TN
UGANDA|UG
UKRAINE|UA
UNITED ARAB EMIRATES|AE
UNITED KINGDOM|GB
UNITED STATES MINOR OUTLYING ISLANDS|UM
UNITED STATES MISCELLANEOUS PACIFIC ISLANDS|PU
UNITED STATES|US
UPPER VOLTA|HV
URSS|SU
URUGUAY|UY
USSR|SU
UZBEKISTAN|UZ
Uganda|UG
Ukraina|UA
Ukraine (l')|UA
Ukraine|UA
United Arab Emirates (the)|AE
United Kingdom (the)|GB
United States (the)|US
United States Minor Outlying Islands (the)|UM
United States Miscellaneous Pacific Islands|PU
Upper Volta|HV
Uruguay (el)|UY
Uruguay (l')|UY
Uruguay|UY
Uzbekistan|UZ
VANUATU|VU
VENEZUELA, BOLIVARIAN REPUBLIC OF|VE
VENEZUELA, RÉPUBLIQUE BOLIVARIENNE DU|VE
VIET NAM|VN
VIET-NAM, DEMOCRATIC REPUBLIC OF|VD
VIET-NAM, RÉPUBLIQUE DÉMOCRATIQUE DU|VD
VIRGIN ISLANDS (BRITISH)|VG
VIRGIN ISLANDS (U.S.)|VI
Vanuatu (le)|VU
Vanuatu|VU
Venezuela, Bolivarian Republic of |VE
Venezuela, República Bolivariana de|VE
Venezuela, République bolivarienne du |VE
Vierges britanniques (les Îles)|VG
Vierges des États-Unis (les Îles)|VI
Viet Nam (le)|VN
Viet Nam|VN
Viet-Nam, Democratic Republic of|VD
Viet-Nam, République démocratique du|VD
Virgin Islands (British)|VG
Virgin Islands (U.S.)|VI
Viti|FJ
Việt Nam|VN
WAKE ISLAND|WK
WAKE, ÎLE DE|WK
WALLIS AND FUTUNA|WF
WALLIS-ET-FUTUNA|WF
WESTERN SAHARA *|EH
Wake Island|WK
Wake, Île de|WK
Wallis and Futuna Islands|WF
Wallis and Futuna|WF
Wallis-et-Futuna |WF
Western Sahara*|EH
Xianggang|HK
Xinjiapo|SG
YEMEN, DEMOCRATIC|YD
YEMEN|YE
YOUGOSLAVIE|YU
Yemen, Democratic|YD
Yemen|YE
Yisra'el|IL
Yougoslavie|YU
Yugoslavia|YU
YÉMEN DÉMOCRATIQUE|YD
YÉMEN|YE
Yémen (le)|YE
Yémen démocratique|YD
ZAMBIA|ZM
ZAMBIE|ZM
ZAÏRE|ZR
ZIMBABWE|ZW
ZONE NEUTRE|NT
Zaire|ZR
Zambia|ZM
Zambie (la)|ZM
Zaïre|ZR
Zhongguo|CN
Zimbabwe (le)|ZW
Zimbabwe|ZW
Zone neutre|NT
dominicaine (la République)|DO
eSwatini|SZ
l'Union des Comores|KM
l'ex-République yougoslave de Macédoine|MK
l'État d'Israël|IL
l'État d'Érythrée|ER
l'État de Palestine|PS
l'État du Koweït|KW
l'État du Qatar|QA
l'État indépendant de Papouasie-Nouvelle-Guinée|PG
l'État indépendant du Samoa|WS
l'État plurinational de Bolivie|BO
la Confédération suisse|CH
la Fédération de Russie|RU
la Principauté d'Andorre|AD
la Principauté de Monaco|MC
la Principauté du Liechtenstein|LI
la Republic de Côte d'Ivoire|CI
la République algérienne démocratique et populaire|DZ
la République arabe d'Égypte|EG
la République arabe syrienne|SY
la République argentine|AR
la République bolivarienne du Venezuela|VE
la République centrafricaine|CF
la République d'Albanie|AL
la République d'Angola|AO
la République d'Arménie|AM
la République d'Autriche|AT
la République d'Azerbaïdjan|AZ
la République d'El Salvador|SV
la République d'Estonie|EE
la République d'Haïti|HT
la République d'Indonésie|ID
la République d'Iraq|IQ
la République d'Islande|IS
la République d'Ouganda|UG
la République d'Ouzbékistan|UZ
la République d'Équateur|EC
la République de Bulgarie|BG
la République de Chypre|CY
la République de Colombie|CO
la République de Corée|KR
la République de Croatie|HR
la République de Cuba|CU
la République de Djibouti|DJ
la République de Finlande|FI
la République de Gambie|GM
la République de Guinée équatoriale|GQ
la République de Guinée-Bissau|GW
la République de Guinée|GN
la République de Kiribati|KI
la République de Lettonie|LV
la République de Lituanie|LT
la République de Madagascar|MG
la République de Malte|MT
la République de Maurice|MU
la République de Moldova|MD
la République de Namibie|NA
la République de Nauru|NR
la République de Pologne|PL
la République de Saint-Marin|SM
la République de Serbie|RS
la République de Sierra Leone|SL
la République de Singapour|SG
la République de Slovénie|SI
la République de Trinité-et-Tobago|TT
la République de Zambie|ZM
la République de l'Inde|IN
la République de l'Union du Myanmar|MM
la République des Fidji|FJ
la République des Maldives|MV
la République des Palaos|PW
la République des Philippines|PH
la République des Seychelles|SC
la République des Îles Marshall|MH
la République dominicaine|DO
la République du Botswana|BW
la République du Burundi|BI
la République du Bélarus|BY
la République du Bénin|BJ
la République du Cabo Verde|CV
la République du Cameroun|CM
la République du Chili|CL
la République du Congo|CG
la République du Costa Rica|CR
la République du Ghana|GH
la République du Guatemala|GT
la République du Guyana|GY
la République du Honduras|HN
la République du Kazakhstan|KZ
la République du Kenya|KE
la République du Libéria|LR
la République du Malawi|MW
la République du Mali|ML
la République du Mozambique|MZ
la République du Nicaragua|NI
la République du Niger|NE
la République du Panama|PA
la République du Paraguay|PY
la République du Pérou|PE
la République du Rwanda|RW
la République du Soudan du Sud|SS
la République du Soudan|SD
la République du Suriname|SR
la République du Sénégal|SN
la République du Tadjikistan|TJ
la République du Tchad|TD
la République du Vanuatu|VU
la République du Yémen|YE
la République du Zimbabwe|ZW
la République démocratique de Sao Tomé-et-Principe|ST
la République démocratique du Congo|CD
la République démocratique du Timor-Leste|TL
la République démocratique populaire lao|LA
la République française|FR
la République fédérale d'Allemagne|DE
la République fédérale de Somalie|SO
la République fédérale du Nigéria|NG
la République fédérale démocratique d'Éthiopie|ET
la République fédérale démocratique du Népal|NP
la République fédérative du Brésil|BR
la République gabonaise|GA
la République hellénique|GR
la République islamique d'Afghanistan|AF
la République islamique d'Iran|IR
la République islamique de Mauritanie|MR
la République islamique du Pakistan|PK
la République italienne|IT
la République kirghize|KG
la République libanaise|LB
la République orientale de l'Uruguay|UY
la République populaire de Chine|CN
la République populaire du Bangladesh|BD
la République populaire démocratique de Corée|KP
la République portugaise|PT
la République slovaque|SK
la République socialiste du Viet Nam|VN
la République socialiste démocratique du Sri Lanka|LK
la République sud-africaine|ZA
la République tchèque|CZ
la République togolaise|TG
la République tunisienne|TN
la République turque|TR
la République-Unie de Tanzanie|TZ
le Burkina Faso|BF
le Commonwealth de Dominique|DM
le Commonwealth des Bahamas|BS
le Grand-Duché de Luxembourg|LU
le Royaume d'Arabie saoudite|SA
le Royaume d'Espagne|ES
le Royaume de Bahreïn|BH
le Royaume de Belgique|BE
le Royaume de Norvège|NO
le Royaume de Suède|SE
le Royaume de Thaïlande|TH
le Royaume des Pays-Bas|NL
le Royaume des Tonga|TO
le Royaume du Bhoutan|BT
le Royaume du Cambodge|KH
le Royaume du Danemark|DK
le Royaume du Lesotho|LS
le Royaume du Maroc|MA
le Royaume du Swaziland|SZ
le Royaume hachémite de Jordanie|JO
le Royaume-Uni de Grande-Bretagne et d'Irlande du Nord|GB
le Sultanat d'Oman|OM
le Territoire britannique de l'océan Indien|IO
les Émirats arabes unis|AE
les États fédérés de Micronésie|FM
les États-Unis d'Amérique|US
les États-Unis du Mexique|MX
les Îles Mariannes du Nord|MP
les Îles Salomon|SB
les Îles Wallis-et-Futuna|WF
ll'Île Heard-et-Îles MacDonald|HM
tchèque (la République)|CZ
the  Republic of Yemen|YE
the Arab Republic of Egypt|EG
the Argentine Republic|AR
the Bolivarian Republic of Venezuela|VE
the Central African Republic|CF
the Commonwealth of Dominica|DM
the Commonwealth of the Bahamas|BS
the Commonwealth of the Northern Mariana Islands|MP
the Czech Republic|CZ
the Democratic People's Republic of Korea|KP
the Democratic Republic of Sao Tome and Principe|ST
the Democratic Republic of Timor-Leste|TL
the Democratic Republic of the Congo|CD
the Democratic Socialist Republic of Sri Lanka|LK
the Dominican Republic|DO
the Eastern Republic of Uruguay|UY
the Federal Democratic Republic of Ethiopia|ET
the Federal Democratic Republic of Nepal|NP
the Federal Republic of Germany|DE
the Federal Republic of Nigeria|NG
the Federal Republic of Somalia|SO
the Federated States of Micronesia|FM
the Federative Republic of Brazil|BR
the French Republic|FR
the Gabonese Republic|GA
the Grand Duchy of Luxembourg|LU
the Hashemite Kingdom of Jordan|JO
the Hellenic Republic|GR
the Hong Kong Special Administrative Region of China|HK
the Independent State of Papua New Guinea|PG
the Independent State of Samoa|WS
the Islamic Republic of Afghanistan|AF
the Islamic Republic of Iran|IR
the Islamic Republic of Mauritania|MR
the Islamic Republic of Pakistan|PK
the Kingdom of Bahrain|BH
the Kingdom of Belgium|BE
the Kingdom of Bhutan|BT
the Kingdom of Cambodia|KH
the Kingdom of Denmark|DK
the Kingdom of Lesotho|LS
the Kingdom of Morocco|MA
the Kingdom of Norway|NO
the Kingdom of Saudi Arabia|SA
the Kingdom of Spain|ES
the Kingdom of Swaziland|SZ
the Kingdom of Sweden|SE
the Kingdom of Thailand|TH
the Kingdom of Tonga|TO
the Kingdom of the Netherlands|NL
the Kyrgyz Republic|KG
the Lao People's Democratic Republic|LA
the Lebanese Republic|LB
the People's Democratic Republic of Algeria|DZ
the People's Republic of Bangladesh|BD
the People's Republic of China|CN
the Plurinational State of Bolivia|BO
the Portuguese Republic|PT
the Principality of Andorra|AD
the Principality of Liechtenstein|LI
the Principality of Monaco|MC
the Republic of Albania|AL
the Republic of Angola|AO
the Republic of Armenia|AM
the Republic of Austria|AT
the Republic of Azerbaijan|AZ
the Republic of Belarus|BY
the Republic of Benin|BJ
the Republic of Botswana|BW
the Republic of Bulgaria|BG
the Republic of Burundi|BI
the Republic of Cabo Verde|CV
the Republic of Cameroon|CM
the Republic of Chad|TD
the Republic of Chile|CL
the Republic of Colombia|CO
the Republic of Costa Rica|CR
the Republic of Croatia|HR
the Republic of Cuba|CU
the Republic of Cyprus|CY
the Republic of Côte d'Ivoire|CI
the Republic of Djibouti|DJ
the Republic of Ecuador|EC
the Republic of El Salvador|SV
the Republic of Equatorial Guinea|GQ
the Republic of Estonia|EE
the Republic of Fiji|FJ
the Republic of Finland|FI
the Republic of Ghana|GH
the Republic of Guatemala|GT
the Republic of Guinea-Bissau|GW
the Republic of Guinea|GN
the Republic of Guyana|GY
the Republic of Haiti|HT
the Republic of Honduras|HN
the Republic of Iceland|IS
the Republic of India|IN
the Republic of Indonesia|ID
the Republic of Iraq|IQ
the Republic of Italy|IT
the Republic of Kazakhstan|KZ
the Republic of Kenya|KE
the Republic of Kiribati|KI
the Republic of Korea|KR
the Republic of Latvia|LV
the Republic of Liberia|LR
the Republic of Lithuania|LT
the Republic of Madagascar|MG
the Republic of Malawi|MW
the Republic of Maldives|MV
the Republic of Mali|ML
the Republic of Malta|MT
the Republic of Mauritius|MU
the Republic of Moldova|MD
the Republic of Mozambique|MZ
the Republic of Namibia|NA
the Republic of Nauru|NR
the Republic of Nicaragua|NI
the Republic of Palau|PW
the Republic of Panama|PA
the Republic of Paraguay|PY
the Republic of Peru|PE
the Republic of Poland|PL
the Republic of Rwanda|RW
the Republic of San Marino|SM
the Republic of Senegal|SN
the Republic of Serbia|RS
the Republic of Seychelles|SC
the Republic of Sierra Leone|SL
the Republic of Singapore|SG
the Republic of Slovenia|SI
the Republic of South Africa|ZA
the Republic of South Sudan|SS
the Republic of Suriname|SR
the Republic of Tajikistan|TJ
the Republic of The Gambia|GM
the Republic of Trinidad and Tobago|TT
the Republic of Tunisia|TN
the Republic of Turkey|TR
the Republic of Uganda|UG
the Republic of Uzbekistan|UZ
the Republic of Vanuatu|VU
the Republic of Zambia|ZM
the Republic of Zimbabwe|ZW
the Republic of the Congo|CG
the Republic of the Marshall Islands|MH
the Republic of the Niger|NE
the Republic of the Philippines|PH
the Republic of the Sudan|SD
the Republic of the Union of Myanmar|MM
the Russian Federation|RU
the Slovak Republic|SK
the Socialist Republic of Viet Nam|VN
the State of Eritrea|ER
the State of Israel|IL
the State of Kuwait|KW
the State of Palestine|PS
the State of Qatar|QA
the Sultanate of Oman|OM
the Swiss Confederation|CH
the Syrian Arab Republic|SY
the Togolese Republic|TG
the Union of the Comoros|KM
the United Arab Emirates|AE
the United Kingdom of Great Britain and Northern Ireland|GB
the United Mexican States|MX
the United Republic of Tanzania|TZ
the United States of America|US
the Virgin Islands of the United States|VI
the former Yugoslav Republic of Macedonia|MK
ÅLAND ISLANDS|AX
ÅLAND, ÎLES|AX
Åland Islands|AX
Åland(les Îles)|AX
Åland|AX
ÉGYPTE|EG
ÉMIRATS ARABES UNIS|AE
ÉQUATEUR|EC
ÉRYTHRÉE|ER
ÉTATS-UNIS|US
ÉTHIOPIE|ET
Égypte (l')|EG
Éire|IE
Émirats arabes unis (les)|AE
Équateur (l')|EC
Érythrée (l')|ER
États-Unis (les)|US
Éthiopie (l')|ET
Ísland|IS
ÎLE DE MAN|IM
ÎLES MINEURES ÉLOIGNÉES DES ÉTATS-UNIS|UM
ÎLES VIERGES BRITANNIQUES|VG
ÎLES VIERGES DES ÉTATS-UNIS|VI
Île de Man|IM
Îles mineures éloignées des États-Unis (les)|UM
Österreich|AT
‘Umān|OM
Česko|CZ
Ītyop'iya|ET
