arg|0325-2957|Acta bioquímica clínica latinoamericana
arg|1851-3743|Acta toxicológica argentina
arg|1668-298X|Agriscientia
arg|0002-7014|Ameghiniana
arg|0365-0375|Anales de la Asociación Química Argentina
arg|1851-4669|Anclajes
arg|1668-8090|Andes
arg|1851-1686|Anuario de investigaciones
arg|1851-9636|Análisis filosófico
arg|0325-0075|Archivos argentinos de pediatría
arg|1853-6379|Argos
arg|1851-1694|Avá
arg|1852-6233|BAG. Journal of basic and applied genetics
arg|0327-9545|Biocell
arg|1851-2372|Boletín de la Sociedad Argentina de Botánica
arg|0524-9767|Boletín del Instituto de Historia Argentina y Americana Dr. Emilio Ravignani
arg|1850-2067|Ciencia del suelo
arg|1851-1716|Ciencia, docencia y tecnología
arg|1851-1724|Circe de clásicos y modernos
arg|1850-275X|Cuadernos de antropología social
arg|1852-5768|Cuadernos de herpetología
arg|0325-1195|Cuadernos de historia de España
arg|1668-8104|Cuadernos de la Facultad de Humanidades y Ciencias Sociales. Universidad Nacional de Jujuy
arg|1852-9615|Cuadernos del CILHA
arg|1853-3523|Cuadernos del Centro de Estudios en Diseño y Comunicación. Ensayos
arg|1853-3175|Cuyo
arg|0011-6793|Darwiniana
arg|1852-7337|Diaeta
arg|1851-3727|Documentos y aportes en administración pública y gestión estatal
arg|1667-782X|Ecología austral
arg|0073-3407|El hornero
arg|1669-2721|Enfoques
arg|1852-1568|Estudios - Centro de Estudios Avanzados. Universidad Nacional de Córdoba
arg|1851-9490|Estudios de filosofía práctica e historia de las ideas
arg|1851-1732|Estudios y perspectivas en turismo
arg|1852-7744|Geoacta
arg|1668-3498|InVet
arg|1851-1740|Información, cultura y sociedad
arg|1852-3862|Insuficiencia cardíaca
arg|1668-7027|Interdisciplinaria
arg|1850-373X|Intersecciones en antropología
arg|1852-5962|Kurtziana
arg|1669-5704|La aljaba
arg|1853-1296|La zaranda de ideas
arg|0327-0793|Latin American applied research
arg|1851-4979|Latin American journal of sedimentology and basin analysis
arg|0327-9383|Mastozoología neotropical
arg|0025-7680|Medicina (Buenos Aires)
arg|1851-3751|Memoria americana
arg|1850-468X|Meteorologica
arg|1853-001X|Mora (Buenos Aires)
arg|1852-7329|Multequina
arg|1515-5994|Mundo agrario
arg|1852-4478|Olivar
arg|1851-8893|Orientación y sociedad
arg|1852-4508|Papeles de trabajo - Centro de Estudios Interdisciplinarios en Etnolingüística y Antropología Socio-Cultural
arg|1851-5657|Phyton (Buenos Aires)
arg|1852-8562|Población y sociedad
arg|1851-9601|Postdata
arg|1852-0499|Prismas
arg|1851-9504|Prohistoria
arg|1851-3026|Quebracho (Santiago del Estero)
arg|1851-2879|Quinto sol
arg|1851-7072|Redes
arg|1669-9041|Revista Escuela de Historia
arg|1851-3123|Revista Pilquen
arg|1853-1970|Revista SAAP
arg|1669-726X|Revista TEFROS
arg|1850-3748|Revista argentina de cardiología
arg|2250-639X|Revista argentina de cirugía 
arg|1851-300X|Revista argentina de dermatología
arg|1851-3034|Revista argentina de endocrinología y metabolismo
arg|0325-7541|Revista argentina de microbiología
arg|1850-1532|Revista argentina de neurocirugía
arg|1852-9992|Revista argentina de radiología
arg|1669-3248|Revista argentina de sociología
arg|1851-7587|Revista de ciencia y tecnología
arg|1853-1784|Revista de historia del derecho
arg|1852-7434|Revista de la Asociación Argentina de Ortopedia y Traumatología
arg|1853-6360|Revista de la Asociación Argentina de Sedimentología
arg|0004-4822|Revista de la Asociación Geológica Argentina
arg|1669-9513|Revista de la Facultad de Agronomía
arg|0373-5680|Revista de la Sociedad Entomológica Argentina
arg|0041-6932|Revista de la Unión Matemática Argentina
arg|1853-0400|Revista del Museo Argentino de  Ciencias Naturales
arg|1850-6666|Revista electrónica de investigación en educación en ciencias
arg|1850-0013|Revista iberoamericana de ciencia tecnología y sociedad
arg|1851-3018|Revista industrial y agrícola de Tucumán
arg|1852-7353|Revista latinoamericana de filosofía
arg|1851-9628|Runa
arg|1851-8265|Salud colectiva
arg|1666-9479|Serie correlación geológica
arg|1853-7081|Sociedad y religión
arg|1852-1606|Sociohistórica
arg|1852-7310|Subjetividad y procesos cognitivos
arg|0328-1205|Synthesis (La Plata)
arg|0327-5094|Temas medievales
arg|1852-1428|The Journal of Argentine Chemical Society
arg|1514-6871|Trabajo y sociedad
arg|1666-485X|Tópicos
arg|1668-8708|Visión de futuro
chl|0717-6996|ARQ (Santiago)
chl|1726-569X|Acta bioethica
chl|0717-6848|Acta literaria
chl|0365-2807|Agricultura Técnica
chl|0718-7181|Aisthesis
chl|0718-2201|Alpha (Osorno)
chl|0718-686X|Anales del Instituto de la Patagonia
chl|0718-7106|Andean geology
chl|0301-732X|Archivos de medicina veterinaria
chl|0718-0462|Atenea (Concepción)
chl|0716-9760|Biological Research
chl|0365-9402|Boletín chileno de parasitología
chl|0718-9303|Boletín de filología
chl|0366-1644|Boletín de la Sociedad Chilena de Química
chl|0718-6894|Boletín del Museo Chileno de Arte Precolombino
chl|0717-9200|Bosque (Valdivia)
chl|0718-8471|Byzantion nea hellás
chl|0718-5839|Chilean journal of agricultural research
chl|0717-7356|Chungará (Arica)
chl|0718-1620|Ciencia e investigación agraria
chl|0717-9553|Ciencia y enfermería
chl|0717-554X|Cinta de moebio
chl|0717-6821|Cuadernos de economía
chl|0719-1243|Cuadernos de historia (Santiago)
chl|0719-0646|Cubo (Temuco)
chl|0250-7161|EURE (Santiago)
chl|0717-3458|Electronic Journal of Biotechnology
chl|0718-1043|Estudios atacameños
chl|0718-5200|Estudios constitucionales
chl|0718-5286|Estudios de economía
chl|0071-1713|Estudios filológicos
chl|0718-0705|Estudios pedagógicos (Valdivia)
chl|0718-5006|Formación universitaria
chl|0717-6538|Gayana (Concepción)
chl|0717-6643|Gayana. Botánica
chl|0717-7194|Historia (Santiago)
chl|0718-3429|Idesia (Arica)
chl|0718-0764|Información tecnológica
chl|0718-3305|Ingeniare. Revista chilena de ingeniería
chl|0717-9502|International Journal of Morphology
chl|0718-381X|International journal of odontostomatology
chl|0717-7178|Investigaciones marinas
chl|0718-0012|Ius et Praxis
chl|0718-9516|Journal of soil science and plant nutrition
chl|0718-2724|Journal of technology management & innovation
chl|0717-9707|Journal of the Chilean Chemical Society
chl|0718-1876|Journal of theoretical and applied electronic commerce research
chl|0718-560X|Latin american journal of aquatic research
chl|0719-0433|Latin american journal of economics
chl|0716-5811|Literatura y lingüística
chl|0718-221X|Maderas. Ciencia y tecnología
chl|0718-2244|Magallania (Punta Arenas)
chl|0718-2813|Obras y proyectos
chl|0716-0720|Parasitología al día
chl|0717-7712|Parasitología latinoamericana
chl|0718-6568|Polis (Santiago)
chl|0718-3399|Política criminal
chl|0716-0917|Proyecciones (Antofagasta)
chl|0718-2228|Psykhe (Santiago)
chl|0718-4883|RLA. Revista de lingüística teórica y aplicada
chl|0718-1337|Revista Facultad de Ingeniería - Universidad de Tarapacá
chl|0718-8358|Revista INVI
chl|0716-9868|Revista chilena de anatomía
chl|0718-8560|Revista chilena de cardiología
chl|0718-4026|Revista chilena de cirugía
chl|0718-3437|Revista chilena de derecho
chl|0718-8072|Revista chilena de derecho privado
chl|0717-7348|Revista chilena de enfermedades respiratorias
chl|0716-078X|Revista chilena de historia natural
chl|0716-1018|Revista chilena de infectología
chl|0718-2295|Revista chilena de literatura
chl|0717-9227|Revista chilena de neuro-psiquiatría
chl|0717-7518|Revista chilena de nutrición
chl|0717-7526|Revista chilena de obstetricia y ginecología
chl|0370-4106|Revista chilena de pediatría
chl|0717-9308|Revista chilena de radiología
chl|0719-0107|Revista clínica de periodoncia, implantología y rehabilitación oral
chl|0718-8870|Revista de análisis económico
chl|0718-1957|Revista de biología marina y oceanografía
chl|0718-090X|Revista de ciencia política (Santiago)
chl|0718-9753|Revista de derecho (Coquimbo)
chl|0718-0950|Revista de derecho (Valdivia)
chl|0718-6851|Revista de derecho (Valparaíso)
chl|0716-5455|Revista de estudios histórico-jurídicos
chl|0718-4360|Revista de filosofía
chl|0718-3402|Revista de geografía Norte Grande
chl|0718-2791|Revista de la ciencia del suelo y nutrición vegetal
chl|0718-915X|Revista de la construcción
chl|0718-4816|Revista de otorrinolaringología y cirugía de cabeza y cuello
chl|0716-0208|Revista geológica de Chile
chl|0718-5073|Revista ingeniería de construcción
chl|0716-2790|Revista musical chilena
chl|0034-9887|Revista médica de Chile
chl|0718-0934|Revista signos
chl|0049-3449|Teología y vida
chl|0718-4808|Terapia psicológica
chl|0718-2236|Ultima década
chl|0718-2376|Universum (Talca)
chl|0718-9273|Veritas
col|0120-2812|Acta Agronómica
col|0120-548X|Acta Biológica Colombiana
col|0123-9155|Acta Colombiana de Psicología
col|0120-2448|Acta Medica Colombiana
col|0304-3584|Actualidades Biológicas
col|0120-9965|Agronomía Colombiana
col|1692-2522|Anagramas -Rumbos y sentidos de la comunicación-
col|1900-5407|Antipoda. Revista de Antropología y Arqueología
col|0120-2456|Anuario Colombiano de Historia Social y de la Cultura
col|0121-4705|Análisis Político
col|1657-9763|Apuntes: Revista de Estudios sobre Patrimonio Cultural - Journal of Cultural Heritage Studies
col|1657-5997|Aquichán
col|0121-4500|Avances en Enfermería
col|1794-4724|Avances en Psicología Latinoamericana
col|0120-4157|Biomédica
col|1692-3561|Biotecnología en el Sector Agropecuario y Agroindustrial 
col|0120-0283|Boletin de Geología
col|0123-3068|Boletín Científico. Centro de Museos. Museo de Historia Natural
col|0120-3630|Boletín de Ciencias de la Tierra
col|0122-9761|Boletín de Investigaciones Marinas y Costeras - INVEMAR
col|0120-8705|CES Medicina
col|0122-5383|CT&F - Ciencia, Tecnología y Futuro
col|0366-5232|Caldasia
col|0124-8170|Ciencia e Ingeniería Neogranadina
col|1657-8953|Civilizar Ciencias Sociales y Humanas
col|1794-5887|Co-herencia
col|0120-0739|Colombia Forestal
col|0121-5612|Colombia Internacional
col|1657-9534|Colombia Médica
col|0123-4641|Colombian Applied Linguistics Journal
col|0120-4645|Cuadernos de Administración (Universidad del Valle)
col|0120-3592|Cuadernos de Administración
col|0123-1472|Cuadernos de Contabilidad
col|0122-1450|Cuadernos de Desarrollo Rural
col|0121-4772|Cuadernos de Economía
col|0012-7353|DYNA
col|0120-3584|Desarrollo y Sociedad
col|0124-6127|Discusiones Filosóficas
col|1794-9998|Diversitas: Perspectivas en Psicología
col|1794-6190|Earth Sciences Research Journal
col|0123-1294|Educación y Educadores
col|1692-8857|Eidos
col|0120-4483|Ensayos sobre POLÍTICA ECONÓMICA
col|0123-5923|Estudios Gerenciales
col|0121-5167|Estudios Políticos
col|0124-0579|Estudios Socio-Jurídicos
col|0121-3628|Estudios de Filosofía
col|0123-4870|Folios
col|0120-338X|Forma y Función
col|0121-7577|Hacia la Promoción de la Salud
col|0121-1617|Historia Crítica
col|0121-0793|Iatreia
col|0120-0062|Ideas y Valores
col|0123-9392|Infectio
col|0120-5609|Ingeniería e Investigación
col|1794-9165|Ingeniería y Ciencia
col|0122-3461|Ingeniería y Desarrollo
col|0123-2126|Ingeniería y Universidad
col|0121-5051|Innovar
col|1692-8156|International Law
col|0124-8146|Investigaciones Andina
col|0121-3261|Investigación y Desarrollo
col|0120-5307|Investigación y Educación en Enfermería
col|0120-2596|Lecturas de Economía
col|1909-2474|Luna Azul
col|0122-5197|Memoria y Sociedad
col|1794-8886|Memorias: Revista Digital de Historia y Arqueología desde el Caribe
col|0121-7550|Nómadas
col|0121-3709|ORINOQUIA
col|0122-8285|Palabra Clave
col|0122-4409|Papel Politico
col|1657-6276|Pensamiento & Gestión
col|1657-4214|Perfil de Coyuntura Económica
col|0120-4688|Praxis Filosófica
col|1909-0455|Producción + Limpia
col|1657-0790|Profile Issues in Teachers` Professional Development
col|0123-417X|Psicología desde el Caribe
col|1692-7273|Revista Ciencias de la Salud
col|0120-3347|Revista Colombiana de Anestesiología
col|0123-3475|Revista Colombiana de Biotecnología
col|0123-9015|Revista Colombiana de Cancerología
col|0120-5633|Revista Colombiana de Cardiología
col|0120-0690|Revista Colombiana de Ciencias Pecuarias
col|0034-7418|Revista Colombiana de Ciencias Químico - Farmacéuticas
col|2011-7582|Revista Colombiana de Cirugía
col|0120-0488|Revista Colombiana de Entomología
col|0120-1751|Revista Colombiana de Estadística
col|0120-9957|Revista Colombiana de Gastroenterologia
col|0034-7426|Revista Colombiana de Matemáticas
col|0121-5426|Revista Colombiana de Neumología
col|0034-7434|Revista Colombiana de Obstetricia y Ginecología
col|0121-5469|Revista Colombiana de Psicología
col|0034-7450|Revista Colombiana de Psiquiatría
col|0120-2804|Revista Colombiana de Química
col|0121-8123|Revista Colombiana de Reumatología
col|0120-8160|Revista EAN
col|1794-1237|Revista EIA
col|0304-2847|Revista Facultad Nacional de Agronomía, Medellín
col|0120-386X|Revista Facultad Nacional de Salud Pública
col|0121-6805|Revista Facultad de Ciencias Económicas: Investigación y Reflexión
col|0120-6230|Revista Facultad de Ingeniería Universidad de Antioquia
col|0120-0011|Revista Facultad de Medicina de la Universidad Nacional de Colombia
col|0121-246X|Revista Facultad de Odontología Universidad de Antioquia
col|1657-7027|Revista Gerencia y Políticas de Salud
col|1692-3324|Revista Ingenierías Universidad de Medellín
col|0120-0976|Revista Interamericana de Bibliotecología
col|1794-4449|Revista Lasallista de Investigación
col|1657-4702|Revista Latinoamericana de Bioética
col|1692-715X|Revista Latinoamericana de Ciencias Sociales, Niñez y Juventud 
col|0120-0534|Revista Latinoamericana de Psicología
col|0122-0268|Revista MVZ Córdoba
col|0121-5256|Revista Med
col|1692-2530|Revista Opinión Jurídica
col|0120-5552|Revista Salud Uninorte
col|0123-4226|Revista U.D.C.A Actualidad & Divulgación Científica
col||Revista Universitas Psychologica
col|0121-8697|Revista de Derecho
col|0124-5996|Revista de Economía Institucional
col|0123-885X|Revista de Estudios Sociales
col|0121-4993|Revista de Ingeniería
col|0122-9354|Revista de Medicina Veterinaria
col|1909-3063|Revista de Relaciones Internacionales, Estrategia y Seguridad
col|0124-0064|Revista de Salud Pública
col|0120-2952|Revista de la Faculta de Medicina Veterinaria y de Zootecnia
col|0121-0807|Revista de la Universidad Industrial de Santander. Salud
col|0120-6346|Semestre Económico
col|0120-4823|Signo y Pensamiento
col|1794-2489|Tabula Rasa
col|0123-921X|Tecnura
col|0120-3649|Theologica Xaveriana
col|0120-4807|Universitas Humanística
col|0120-4319|Universitas Odontológica
col|1657-9267|Universitas Psychologica
col|0122-7483|Universitas Scientiarum
col|0121-4004|Vitae
col|0041-9060|Vniversitas
col|0123-3432|Íkala, Revista de Lenguaje y Cultura
cri|0001-6002|Acta Médica Costarricense
cri|1409-0090|Acta Pediátrica Costarricense
cri|1409-4185|Adolescencia y Salud
cri|0377-9424|Agronomía Costarricense
cri|1659-1321|Agronomía Mesoamericana
cri|1409-469X|Diálogos Revista Electrónica de Historia
cri|1409-0015|Medicina Legal de Costa Rica
cri|1409-4142|Revista Costarricense de Cardiología
cri|0253-2948|Revista Costarricense de Ciencias Médicas
cri|1409-1429|Revista Costarricense de Salud Pública
cri|0256-7024|Revista Geológica de América Central
cri|1017-8546|Revista Médica del Hospital Nacional de Niños Dr. Carlos Sáenz Herrera
cri|0034-7744|Revista de Biología Tropical
cri|1409-2433|Revista de Matemática Teoría y Aplicaciones
cri|1409-1259|Revistas de Ciencias Administrativas y Financieras de la Seguridad Social
cub|1024-9435|ACIMED
cub|1027-2852|Biotecnología Aplicada
cub|0045-9178|Cuadernos de Historia de la Salud Pública
cub|0258-5936|Cultivos Tropicales
cub|0864-2141|Educación Médica Superior
cub|1562-3009|Fitosanidad
cub|1608-8921|Gaceta Médica Espirituana
cub|1727-8120|Humanidades Médicas
cub|1815-5901|Ingeniería Energética
cub|1680-0338|Ingeniería Hidráulica y Ambiental
cub|1815-5936|Ingeniería Industrial
cub|1815-5944|Ingeniería Mecánica
cub|1029-3019|MEDISAN
cub|1727-897X|MediSur
cub|1029-3043|Medicentro Electrónica
cub|0864-084X|Nucleus
cub|0864-0394|Pastos y Forrajes
cub|1025-0255|Revista Archivo Médico de Camagüey
cub|0253-5785|Revista Centro Agrícola
cub|2071-0054|Revista Ciencias Técnicas Agropecuarias
cub|1726-6718|Revista Cubana de Anestesiología y Reanimación
cub|0034-7493|Revista Cubana de Cirugía
cub|1561-2953|Revista Cubana de Endocrinología
cub|0864-0319|Revista Cubana de Enfermería
cub|0034-7507|Revista Cubana de Estomatología
cub|0034-7515|Revista Cubana de Farmacia
cub|0864-0289|Revista Cubana de Hematología, Inmunología y Hemoterapia
cub|1561-3003|Revista Cubana de Higiene y Epidemiología
cub|1684-1859|Revista Cubana de Informática Médica
cub|0864-0300|Revista Cubana de Investigaciones Biomédicas
cub|0034-7523|Revista Cubana de Medicina
cub|0864-2125|Revista Cubana de Medicina General Integral
cub|0138-6557|Revista Cubana de Medicina Militar
cub|0375-0760|Revista Cubana de Medicina Tropical
cub|0138-600X|Revista Cubana de Obstetricia y Ginecología
cub|0864-2176|Revista Cubana de Oftalmología
cub|0864-215X|Revista Cubana de Ortopedia y Traumatología
cub|0034-7531|Revista Cubana de Pediatría
cub|1028-4796|Revista Cubana de Plantas Medicinales
cub|0864-3466|Revista Cubana de Salud Pública
cub|1729-519X|Revista Habanera de Ciencias Médicas
cub|1684-1824|Revista Médica Electrónica
cub|1810-4363|Revista de Ciencias Médicas de La Habana
cub|1561-3194|Revista de Ciencias Médicas de Pinar del Río
cub|1010-2752|Revista de Protección Vegetal
cub|0253-570X|Revista de Salud Animal
cub|1025-028X|Vaccimonitor
esp|0210-4806|Actas Urológicas Españolas
esp|0212-7199|Anales de Medicina Interna
esp|1137-6627|Anales del Sistema Sanitario de Navarra
esp|0004-0614|Archivos Españoles de Urología (Ed. impresa)
esp|0004-0592|Archivos de Zootecnia
esp|0365-6691|Archivos de la Sociedad Española de Oftalmología
esp|0213-1285|Avances en Odontoestomatología
esp|1699-6585|Avances en Periodoncia e Implantología Oral
esp|0376-7892|Cirugía Plástica Ibero-Latinoamericana
esp|1130-5274|Clínica y Salud
esp|1135-7606|Cuadernos de Medicina Forense
esp|0211-9536|Dynamis
esp|1575-1813|Educación Médica
esp|1695-6141|Enfermería Global
esp|2254-2884|Enfermería Nefrológica
esp|1989-3809|Escritos de Psicología (Internet)
esp|0213-9111|Gaceta Sanitaria
esp|1134-928X|Gerokomos
esp|1132-1296|Index de Enfermería
esp|1139-6709|International Microbiology
esp|1132-0559|Intervención Psicosocial
esp|0210-5691|Medicina Intensiva
esp|1698-4447|Medicina Oral, Patología Oral y Cirugía Bucal (Ed. impresa)
esp|1698-6946|Medicina Oral, Patología Oral y Cirugía Bucal (Internet)
esp|0465-546X|Medicina y Seguridad del Trabajo
esp|1131-5768|Medifam
esp|0211-6995|Nefrología (Madrid)
esp|1130-1473|Neurocirugía
esp|0212-1611|Nutrición Hospitalaria
esp|0378-4835|Oncología (Barcelona)
esp|1139-7632|Pediatría Atención Primaria
esp|1885-642X|Pharmacy Practice (Granada)
esp|1886-3655|Pharmacy Practice (Internet)
esp|1138-123X|RCOE
esp|1699-695X|Revista Clínica de Medicina de Familia
esp|1130-0558|Revista Española de Cirugía Oral y Maxilofacial
esp|1130-0108|Revista Española de Enfermedades Digestivas
esp|1135-5727|Revista Española de Salud Pública
esp|1575-0620|Revista Española de Sanidad Penitenciaria
esp|1886-5887|Revista de Bioética y Derecho
esp|0034-7973|Revista de Diagnóstico Biológico
esp|1576-5962|Revista de Psicología del Trabajo y de las Organizaciones
esp|0211-5735|Revista de la Asociación Española de Neuropsiquiatría
esp|1139-1375|Revista de la Sociedad Española de Enfermería Nefrológica
esp|1134-8046|Revista de la Sociedad Española del Dolor
esp|1887-8571|Sanidad Militar
esp|0213-6163|The European Journal of Psychiatry
esp|1579-699X|The European journal of psychiatry (edición en español)
mex|0187-7151|Acta botánica mexicana
mex|0065-1737|Acta zoológica mexicana
mex|0568-2517|Agricultura técnica en México
mex|1405-3195|Agrociencia
mex|0188-7017|Alteridades
mex|1405-2253|América Latina en la historia económica
mex|1870-0063|Andamios
mex|1870-4654|Anuario mexicano de derecho internacional
mex|1405-9940|Archivos de cardiología de México
mex|0187-4705|Archivos de neurociencias (México, D.F.)
mex|0187-5795|Argumentos (México, D.F.)
mex|0187-6236|Atmósfera
mex|0366-2128|Boletín de la Sociedad Botánica de México
mex|1405-3322|Boletín de la Sociedad Geológica Mexicana
mex|0041-8633|Boletín mexicano de derecho comparado
mex|1665-1146|Boletín médico del Hospital Infantil de México
mex|1870-3569|CONfines de relaciones internacionales y ciencia política
mex|1405-3586|Ciencia forestal en México
mex|0185-3880|Ciencias marinas
mex|1405-0099|Cirujano general
mex|1405-5546|Computación y Sistemas
mex|0188-252X|Comunicación y sociedad
mex|0186-1042|Contaduría y administración
mex|1405-1435|Convergencia
mex|0011-1503|Crítica (México, D.F.)
mex|1405-9193|Cuestiones constitucionales
mex|0185-1659|Cuicuilco
mex|1870-1191|Culturales
mex|1405-9274|Desacatos
mex|0185-2450|Diánoia
mex|1870-6622|EconoQuantum
mex|1665-2045|Economía mexicana. Nueva época
mex|1405-8421|Economía, sociedad y territorio
mex|0188-3380|Economía: teoría y práctica
mex|1665-5826|Educación matemática
mex|1870-879X|En-claves del pensamiento
mex|0188-6126|Escritos (Puebla)
mex|0185-2574|Estudios de cultura maya
mex|0185-2620|Estudios de historia moderna y contemporánea de México
mex|0187-6961|Estudios fronterizos
mex|0188-4557|Estudios sociales (Hermosillo, Son.)
mex|0187-7372|Frontera norte
mex|0016-3813|Gaceta médica de México
mex|0016-7169|Geofísica internacional
mex|1405-1079|Gestión y política pública
mex|0188-8897|Hidrobiológica
mex|1405-0927|Historia y grafía
mex|1870-7459|Huitzil
mex|1665-7381|Ingeniería mecánica, tecnología y desarrollo
mex|1405-7743|Ingeniería, investigación y tecnología
mex|0188-4611|Investigaciones geográficas
mex|0187-358X|Investigación bibliotecológica
mex|0185-1667|Investigación económica
mex|1665-6423|Journal of applied research and technology
mex|1870-249X|Journal of the Mexican Chemical Society
mex|1405-9436|La ventana. Revista de estudios de género
mex|1665-8574|Latinoamérica. Revista de estudios Latinoamericanos
mex|1665-8027|LiminaR
mex|1405-0471|Madera y bosques
mex|1665-8906|Migraciones internacionales
mex|1870-7599|Migración y desarrollo
mex|1870-3550|Norteamérica
mex|0185-3058|Nova tellus
mex|0185-0636|Nueva antropología
mex|1405-7425|Papeles de población
mex|0185-2698|Perfiles educativos
mex|0188-7653|Perfiles latinoamericanos
mex|0187-5337|Perinatología y reproducción humana
mex|1870-9044|Polibits
mex|1405-2768|Polibotánica
mex|1870-2333|Polis
mex|0188-7742|Política y cultura
mex|1665-2037|Política y gobierno
mex|0301-7036|Problemas del desarrollo
mex|1870-3925|Región y sociedad
mex|0185-3929|Relaciones (Zamora)
mex|1405-6704|Revista CONAMED
mex|0186-3231|Revista Chapingo. Serie ciencias forestales y del ambiente
mex|1027-152X|Revista Chapingo. Serie horticultura
mex|1870-2147|Revista IUS
mex|0034-8376|Revista de investigación clínica
mex|0185-2760|Revista de la educación superior
mex|0187-7585|Revista del Instituto Nacional de Enfermedades Respiratorias
mex|1607-4041|Revista electrónica de investigación educativa
mex|0187-7380|Revista fitotecnia mexicana
mex|0188-4999|Revista internacional de contaminación ambiental
mex|1665-2436|Revista latinoamericana de investigación en matemática educativa
mex|0370-5943|Revista latinoamericana de química
mex|0185-4534|Revista mexicana de análisis de la conducta
mex|0185-1101|Revista mexicana de astronomía y astrofísica
mex|1870-3453|Revista mexicana de biodiversidad
mex|0188-2198|Revista mexicana de cardiología
mex|2007-0934|Revista mexicana de ciencias agrícolas
mex|1870-0195|Revista mexicana de ciencias farmacéuticas
mex|1026-8774|Revista mexicana de ciencias geológicas
mex|2007-1124|Revista mexicana de ciencias pecuarias
mex|0185-1918|Revista mexicana de ciencias políticas y sociales
mex|0185-3309|Revista mexicana de fitopatología
mex|0035-001X|Revista mexicana de física
mex|1870-3542|Revista mexicana de física E
mex|1665-2738|Revista mexicana de ingeniería química
mex|1405-6666|Revista mexicana de investigación educativa
mex|0187-3180|Revista mexicana de micología
mex|0188-2503|Revista mexicana de sociología
mex|0036-3634|Salud Pública de México
mex|0185-3325|Salud mental
mex|0186-0348|Secuencia
mex|1665-1324|Signos filosóficos
mex|1665-4420|Signos históricos
mex|1665-109X|Sinéctica
mex|0187-0173|Sociológica (México)
mex|1665-3521|Superficies y vacío
mex|1870-0462|Tropical and subtropical agroecosystems
mex|0188-2872|Tzintzun
mex|1665-1200|Tópicos del seminario
mex|0186-2979|Universidad y ciencia
mex|0301-5092|Veterinaria México
prt|0873-593X|ARKEOS - perspectivas em diálogo
prt|1646-706X|Angiologia e Cirurgia Vascular
prt|0870-8231|Análise Psicológica
prt|0003-2573|Análise Social
prt|0871-3413|Arquivos de Medicina
prt|1645-3794|Cadernos de Estudos Africanos
prt|0870-8312|Ciência & Tecnologia dos Materiais
prt|0254-0223|Ciência e Técnica Vitivinícola
prt|0872-9662|Comportamento Organizacional e Gestão
prt|1647-581X|Comunicações Geológicas
prt|0870-1164|Corrosão e Protecção de Materiais
prt|0873-7444|Economia Global e Gestão
prt|0873-6561|Etnográfica
prt|0874-5560|Ex aequo
prt|0430-5027|Finisterra - Revista Portuguesa de Geografia
prt|0872-8380|Forúm Sociológico
prt|0874-5161|Investigação Operacional
prt|0872-8178|Jornal Português de Gastrenterologia 
prt|1646-107X|Motricidade
prt|0872-0754|Nascer e Crescer - Revista do Hospital de Crianças Maria Pia
prt|1646-5954|Observatorio (OBS*)
prt|0871-7486|Penélope
prt|0872-1904|Portugaliae Electrochimica Acta
prt|0874-2049|Psicologia
prt|1645-0086|Psicologia, Saúde & Doenças
prt|1646-9895|RISTI - Revista Ibérica de Sistemas e Tecnologias de Informação
prt|1645-9199|Relações Internacionais (R:I)
prt|1646-2408|Revista Encontros Científicos - Tourism & Management Studies
prt|1645-7250|Revista Lusófona de Educação
prt|1645-0523|Revista Portuguesa de Ciências do Desporto
prt|0870-7103|Revista Portuguesa de Clínica Geral
prt|0871-9187|Revista Portuguesa de Educação
prt|0874-1336|Revista Portuguesa de História do Livro
prt|0873-2159|Revista Portuguesa de Pneumologia
prt|0874-4696|Revista Portuguesa de Psicossomática
prt|0870-9025|Revista Portuguesa de Saúde Pública
prt|1645-4464|Revista Portuguesa e Brasileira de Gestão
prt|0871-018X|Revista de Ciências Agrárias
prt|0874-0283|Revista de Enfermagem Referência
prt|0870-6352|Silva Lusitana
prt|0873-6529|Sociologia, Problemas e Práticas
prt|0874-4890|Toxicodependências
prt|1645-9911|Tékhne - Revista de Estudos Politécnicos
prt|1645-6432|e-Journal of Portuguese History
psi|2175-6104|A Peste : Revista de Psicanálise e Sociedade
psi|0188-8145|Acta Comportamentalia
psi|0258-6444|Actualidades en psicología
psi|1413-0394|Aletheia
psi|1405-339X|Alternativas en Psicología
psi|1809-5267|Arquivos Brasileiros de Psicologia
psi|1677-0471|Avaliação Psicológica
psi|0104-6578|Barbaroi
psi|1415-711X|Boletim - Academia Paulista de Psicologia
psi|0006-5943|Boletim de Psicologia
psi|1517-4506|Boletim de formação em psicanálise
psi|1688-4337|Boletín (Sociedad de Psicología del Uruguay. En línea)
psi|1516-3717|Cadernos de Psicologia Social do Trabalho
psi|1676-1049|Cadernos de Psicopedagogia
psi|0103-4251|Cadernos de psicanálise (Rio de Janeiro)
psi|1688-4094|Ciencias Psicológicas
psi|1806-5821|Ciências & Cognição
psi|1983-6007|CliniCAPS
psi|1415-6954|Construção psicopedagógica
psi|1983-3482|Contextos Clínicos
psi|0718-4123|Cuadernos de neuropsicología
psi|1519-9479|Cógito
psi|0102-762X|Distúrbios da Comunicação
psi|1794-9998|Diversitas
psi|1676-5478|Encontro
psi|1980-2005|Epistemo-somática
psi|1677-9843|Escritos sobre Educação
psi|1415-7128|Estilos da Clinica
psi|0100-3437|Estudos de Psicanálise
psi|0103-166X|Estudos de Psicologia (Campinas)
psi|1413-294X|Estudos de Psicologia (Natal)
psi|1808-4281|Estudos e Pesquisas em Psicologia
psi|1806-6631|Família e Comunidade
psi|1983-8220|Gerais : Revista Interinstitucional de Psicologia
psi|1807-2526|IGT na Rede
psi|0101-3106|Ide
psi|1413-666X|Imaginário
psi|0124-4906|Informes Psicológicos
psi|0034-9690|Interamerican Journal of Psychology
psi|1516-1854|Interação 
psi|1413-2907|Interações
psi|0325-8203|Interdisciplinaria
psi|0103-5835|Jornal de Psicanálise
psi|2175-3598|Journal of Human Growth and Development
psi|1677-0358|Latin American Journal of Fundamental Psychopathology On Line 
psi|1729-4827|Liberabit
psi|1679-4427|Mental
psi|2072-0696|Metaphora
psi|1809-8894|Mnemosine
psi|1982-5471|Mosaico
psi|0104-3269|Mudanças
psi|1517-2430|Natureza humana 
psi|0103-863X|Paidéia (Ribeirão Preto)
psi|1560-6139|Persona (Lima)
psi|2177-3548|Perspectivas em análise do comportamento
psi|1992-4690|Perspectivas psicológicas
psi|1676-7314|Psic: revista da Vetor Editora
psi|1679-074X|Psicanalítica
psi|1413-0556|Psicanálise e Universidade
psi|0103-5371|Psico
psi|1413-8271|PsicoUSF
psi|0102-7182|Psicologia & Sociedade
psi|0103-5665|Psicologia Clínica
psi|2177-2061|Psicologia Ensino & Formação
psi|1413-8557|Psicologia Escolar e Educacional
psi|1677-7409|Psicologia Hospitalar
psi|1413-4063|Psicologia Revista
psi|1678-5177|Psicologia USP
psi|1414-6975|Psicologia da Educação
psi|1982-1247|Psicologia em Pesquisa
psi|1677-1168|Psicologia em Revista
psi|1870-350X|Psicologia para América Latina
psi|0102-7972|Psicologia: Reflexão e Crítica
psi|1414-9893|Psicologia: ciência e profissão
psi|1808-9100|Psicologia: pesquisa e trânsito
psi|1516-3687|Psicologia: teoria e prática
psi|1415-8809|Psicologo informacao 
psi|0123-417X|Psicología desde el Caribe
psi|0718-6924|Psicoperspectivas (Valparaíso. En línea)
psi|1983-3288|Psychology & Neuroscience
psi|1415-1138|Psychê
psi|1517-5316|Pulsional Revista de Psicanálise 
psi|0102-7395|Reverso
psi|1679-3390|Revista Brasileira de Orientação Profissional
psi|0486-641X|Revista Brasileira de Psicanálise
psi|0104-5393|Revista Brasileira de Psicodrama
psi|1981-9145|Revista Brasileira de Psicologia do Esporte 
psi|1516-8530|Revista Brasileira de Psicoterapia
psi|1517-5545|Revista Brasileira de Terapia Comportamental e Cognitiva
psi|1808-5687|Revista Brasileira de Terapias Cognitivas
psi|0257-4322|Revista Cubana de Psicología
psi|1984-9079|Revista Eletrônica de Psicologia e Políticas Públicas
psi|1983-0769|Revista Estudos Lacanianos
psi|1516-2567|Revista Kairós
psi|0120-0534|Revista Latinoamericana de Psicología
psi|1415-4714|Revista Latinoamericana de Psicopatologia Fundamental 
psi|1518-6148|Revista Mal Estar e Subjetividade
psi|1665-7527|Revista Mexicana de Orientación Educativa
psi|1984-6657|Revista Psicologia
psi|1519-549X|Revista Psicologia Política
psi|0103-8486|Revista Psicopedagogia
psi|1946-2026|Revista Puertorriqueña de Psicología
psi|0104-1282|Revista brasileira de crescimento e desenvolvimento humano
psi|1414-8889|Revista da ABOP
psi|1809-6867|Revista da Abordagem Gestáltica
psi|1516-0858|Revista da SBPH
psi|1677-2970|Revista da SPAGESP
psi|1517-2805|Revista de Etologia
psi|1609-7475|Revista de Investigación en Psicología
psi|0254-9247|Revista de Psicología (Lima)
psi|1316-0923|Revista de psicología - Escuela de Psicología, Universidad Central de Venezuela
psi|0104-8023|Revista do Departamento de Psicologia. UFF
psi|2175-2591|Revista do NUFEN
psi|1669-3582|Revista electrónica de psicología política
psi|1806-6976|SMAD. Revista eletrônica saúde mental álcool e drogas
psi|2178-7085|Saúde & Transformação Social
psi|0121-4381|Suma Psicológica
psi|1413-389X|Temas em Psicologia
psi|0101-4838|Tempo psicanalitico
psi|2176-106X|TransFormações em Psicologia (Online) 
psi|2176-4891|Trivium - Estudos Interdisciplinares
psi|1657-9267|Universitas Psychologica
psi|1806-2490|Vínculo
psi|1679-432X|Winnicott e-prints
psi|1516-1498|Ágora: Estudos em Teoria Psicanalítica
scl|0102-6720|ABCD. Arquivos Brasileiros de Cirurgia Digestiva (São Paulo)
scl|1678-5320|ARS (São Paulo)
scl|0044-5967|Acta Amazonica
scl|0102-3306|Acta Botanica Brasilica
scl|0102-8650|Acta Cirurgica Brasileira
scl|2179-975X|Acta Limnologica Brasiliensia
scl|1413-7852|Acta Ortopédica Brasileira
scl|0103-2100|Acta Paulista de Enfermagem
scl|1807-8621|Acta Scientiarum. Agronomy
scl|1807-8672|Acta Scientiarum. Animal Sciences
scl|1517-106X|Alea : Estudos Neolatinos
scl|1981-5794|Alfa : Revista de Linguística (São José do Rio Preto)
scl|1414-753X|Ambiente & sociedade
scl|1678-8621|Ambiente Construído
scl|0365-0596|Anais Brasileiros de Dermatologia
scl|0001-3765|Anais da Academia Brasileira de Ciências
scl|0071-1276|Anais da Escola Superior de Agricultura Luiz de Queiroz
scl|0301-8059|Anais da Sociedade Entomológica do Brasil
scl|0101-4714|Anais do Museu Paulista: História e Cultura Material
scl|0102-0935|Arquivo Brasileiro de Medicina Veterinária e Zootecnia
scl|0066-782X|Arquivos Brasileiros de Cardiologia
scl|0004-2730|Arquivos Brasileiros de Endocrinologia & Metabologia
scl|0004-2749|Arquivos Brasileiros de Oftalmologia
scl|1809-4872|Arquivos Internacionais de Otorrinolaringologia
scl|0004-2803|Arquivos de Gastroenterologia
scl|0004-282X|Arquivos de Neuro-Psiquiatria
scl|1414-4077|Avaliação: Revista da Avaliação da Educação Superior (Campinas)
scl|1807-7692|BAR. Brazilian Administration Review
scl|2176-4573|Bakhtiniana: Revista de Estudos do Discurso
scl|1676-0603|Biota Neotropica
scl|0103-636X|Bolema: Boletim de Educação Matemática
scl|1982-2170|Boletim de Ciências Geodésicas
scl|0373-5524|Boletim do Instituto Oceanográfico
scl|0100-4239|Boletim do Instituto Paulista de Oceanografia
scl|1981-8122|Boletim do Museu Paraense Emílio Goeldi. Ciências Humanas
scl|0006-8705|Bragantia
scl|1516-8913|Brazilian Archives of Biology and Technology
scl|0103-6440|Brazilian Dental Journal 
scl|1519-6984|Brazilian Journal of Biology
scl|1806-9959|Brazilian Journal of Botany
scl|1678-9741|Brazilian Journal of Cardiovascular Surgery
scl|0104-6632|Brazilian Journal of Chemical Engineering
scl|1981-6723|Brazilian Journal of Food Technology
scl|0100-8455|Brazilian Journal of Genetics
scl|1413-8670|Brazilian Journal of Infectious Diseases
scl|0100-879X|Brazilian Journal of Medical and Biological Research
scl|1517-8382|Brazilian Journal of Microbiology
scl|1679-8759|Brazilian Journal of Oceanography
scl|1808-8694|Brazilian Journal of Otorhinolaryngology
scl|1984-8250|Brazilian Journal of Pharmaceutical Sciences
scl|0103-9733|Brazilian Journal of Physics
scl|1677-0420|Brazilian Journal of Plant Physiology
scl|1413-9596|Brazilian Journal of Veterinary Research and Animal Science
scl|1806-8324|Brazilian Oral Research
scl|0103-4979|Caderno CRH
scl|1413-9251|Caderno de Estudos
scl|0101-3262|Cadernos CEDES
scl|1679-3951|Cadernos EBAPE.BR
scl|0104-8333|Cadernos Pagu
scl|0100-1574|Cadernos de Pesquisa
scl|0102-311X|Cadernos de Saúde Pública
scl|0366-6913|Cerâmica
scl|1516-7313|Ciência & Educação (Bauru)
scl|1413-8123|Ciência & Saúde Coletiva
scl|0103-8478|Ciência Rural
scl|0100-1965|Ciência da Informação
scl|1413-7054|Ciência e Agrotecnologia
scl|0101-2061|Ciência e Tecnologia de Alimentos
scl|1807-5932|Clinics
scl|1808-1851|Coluna/Columna
scl|1807-0302|Computational & Applied Mathematics
scl|0102-8529|Contexto Internacional
scl|1984-7033|Crop Breeding and Applied Biotechnology
scl|0102-4450|DELTA: Documentação de Estudos em Lingüística Teórica e Aplicada
scl|0011-5258|Dados
scl|2176-9451|Dental Press Journal of Orthodontics
scl|0100-4670|Eclética Química
scl|1413-8050|Economia Aplicada
scl|0104-0618|Economia e Sociedade
scl|0104-4060|Educar em Revista
scl|0101-7330|Educação & Sociedade
scl|1517-9702|Educação e Pesquisa
scl|0102-4698|Educação em Revista
scl|1679-4508|Einstein (São Paulo)
scl|0100-6916|Engenharia Agrícola
scl|1413-4152|Engenharia Sanitaria e Ambiental 
scl|0104-4036|Ensaio: Avaliação e Políticas Públicas em Educação
scl|0328-0381|Entomología y Vectores
scl|1414-8145|Escola Anna Nery
scl|0101-546X|Estudos Afro-Asiáticos
scl|0103-4014|Estudos Avançados
scl|0101-4161|Estudos Econômicos (São Paulo)
scl|0103-2186|Estudos Históricos (Rio de Janeiro)
scl|0103-166X|Estudos de Psicologia (Campinas)
scl|1413-294X|Estudos de Psicologia (Natal)
scl|1809-2950|Fisioterapia e Pesquisa
scl|0103-5150|Fisioterapia em Movimento
scl|0100-4158|Fitopatologia Brasileira
scl|1984-0292|Fractal : Revista de Psicologia
scl|1415-4757|Genetics and Molecular Biology
scl|0104-530X|Gestão & Produção
scl|0101-9074|História (São Paulo)
scl|0104-5970|História, Ciências, Saúde-Manguinhos
scl|2236-8906|Hoehnea
scl|0104-7183|Horizontes Antropológicos
scl|0102-0536|Horticultura Brasileira
scl|0073-4721|Iheringia. Série Zoologia
scl|1518-7012|Interações (Campo Grande)
scl|1809-5844|Intercom: Revista Brasileira de Ciências da Comunicação
scl|1414-3283|Interface - Comunicação, Saúde, Educação
scl|1809-4864|International Archives of Otorhinolaryngology
scl|1677-5538|International braz j urol
scl|1807-1775|JISTEM - Journal of Information Systems and Technology Management
scl|0101-2800|Jornal Brasileiro de Nefrologia
scl|1676-2444|Jornal Brasileiro de Patologia e Medicina Laboratorial
scl|1806-3713|Jornal Brasileiro de Pneumologia
scl|0047-2085|Jornal Brasileiro de Psiquiatria
scl|1677-5449|Jornal Vascular Brasileiro
scl|2179-6491|Jornal da Sociedade Brasileira de Fonoaudiologia
scl|0021-7557|Jornal de Pediatria
scl|0102-3586|Jornal de Pneumologia
scl|2237-9363|Journal of  Coloproctology (Rio de Janeiro)
scl|1678-7757|Journal of Applied Oral Science
scl|1676-2649|Journal of Epilepsy and Clinical Neurophysiology
scl|2179-1074|Journal of Microwaves, Optoelectronics and Electromagnetic Applications
scl|0104-7930|Journal of Venomous Animals and Toxins
scl|1678-9199|Journal of Venomous Animals and Toxins including Tropical Diseases
scl|0103-5053|Journal of the Brazilian Chemical Society
scl|0104-6500|Journal of the Brazilian Computer Society
scl|0100-7386|Journal of the Brazilian Society of Mechanical Sciences
scl|1678-5878|Journal of the Brazilian Society of Mechanical Sciences and Engineering
scl|0100-512X|Kriterion: Revista de Filosofia
scl|1679-7825|Latin American Journal of Solids and Structures
scl|1518-7632|Linguagem em (Dis)curso
scl|0102-6445|Lua Nova: Revista de Cultura e Política
scl|0104-9313|Mana
scl|0100-6045|Manuscrito
scl|1516-1439|Materials Research
scl|1517-7076|Matéria (Rio de Janeiro)
scl|0074-0276|Memórias do Instituto Oswaldo Cruz
scl|1980-6574|Motriz: Revista de Educação Física
scl|1519-566X|Neotropical Entomology
scl|1679-6225|Neotropical Ichthyology
scl|0103-6351|Nova Economia
scl|0101-3300|Novos Estudos - CEBRAP
scl|0104-6276|Opinião Pública
scl|1984-9230|Organizações & Sociedade
scl|0103-863X|Paidéia (Ribeirão Preto)
scl|1982-8837|Pandaemonium Germanicum
scl|0031-1049|Papéis Avulsos de Zoologia (São Paulo)
scl|1517-7599|Per Musi
scl|1413-9936|Perspectivas em Ciência da Informação
scl|0100-204X|Pesquisa Agropecuária Brasileira
scl|1983-4063|Pesquisa Agropecuária Tropical
scl|1517-7491|Pesquisa Odontológica Brasileira
scl|0101-7438|Pesquisa Operacional
scl|0100-736X|Pesquisa Veterinária Brasileira
scl|0103-7331|Physis: Revista de Saúde Coletiva
scl|0100-8358|Planta Daninha
scl|0104-1428|Polímeros
scl|0103-7307|Pro-Posições
scl|0103-6513|Produção
scl|0104-5687|Pró-Fono Revista de Atualização Científica
scl|1413-8271|Psico-USF
scl|0102-7182|Psicologia & Sociedade
scl|0103-5665|Psicologia Clínica
scl|1413-8557|Psicologia Escolar e Educacional
scl|0103-6564|Psicologia USP
scl|1413-7372|Psicologia em Estudo
scl|1414-9893|Psicologia: Ciência e Profissão
scl|0102-7972|Psicologia: Reflexão e Crítica
scl|0102-3772|Psicologia: Teoria e Pesquisa
scl|1983-3288|Psychology & Neuroscience
scl|0100-4042|Química Nova
scl|1676-5648|RAE eletrônica
scl|1678-6971|RAM. Revista de Administração Mackenzie
scl|1413-2311|REAd. Revista Eletrônica de Administração (Porto Alegre)
scl|0100-3984|Radiologia Brasileira
scl|0100-8587|Religião & Sociedade
scl|0370-4467|Rem: Revista Escola de Minas
scl|0034-7094|Revista Brasileira de Anestesiologia
scl|0034-7108|Revista Brasileira de Biologia
scl|0100-8404|Revista Brasileira de Botânica
scl|2179-8397|Revista Brasileira de Cardiologia Invasiva
scl|1980-0037|Revista Brasileira de Cineantropometria & Desempenho Humano
scl|0102-7638|Revista Brasileira de Cirurgia Cardiovascular
scl|1983-5175|Revista Brasileira de Cirurgia Plástica
scl|1516-635X|Revista Brasileira de Ciência Avícola
scl|0103-3352|Revista Brasileira de Ciência Política
scl|0100-0683|Revista Brasileira de Ciência do Solo
scl|1516-9332|Revista Brasileira de Ciências Farmacêuticas
scl|0102-6909|Revista Brasileira de Ciências Sociais
scl|0101-3289|Revista Brasileira de Ciências do Esporte
scl|0101-9880|Revista Brasileira de Coloproctologia
scl|0034-7140|Revista Brasileira de Economia
scl|1413-2478|Revista Brasileira de Educação
scl|1413-6538|Revista Brasileira de Educação Especial
scl|1807-5509|Revista Brasileira de Educação Física e Esporte
scl|0100-5502|Revista Brasileira de Educação Médica
scl|0034-7167|Revista Brasileira de Enfermagem
scl|1415-4366|Revista Brasileira de Engenharia Agrícola e Ambiental
scl|1806-1117|Revista Brasileira de Ensino de Física
scl|0085-5626|Revista Brasileira de Entomologia
scl|1415-790X|Revista Brasileira de Epidemiologia
scl|0102-3098|Revista Brasileira de Estudos de População
scl|0102-695X|Revista Brasileira de Farmacognosia
scl|0103-3131|Revista Brasileira de Fisiologia Vegetal
scl|1413-3555|Revista Brasileira de Fisioterapia
scl|0100-2945|Revista Brasileira de Fruticultura
scl|0102-261X|Revista Brasileira de Geofísica
scl|1809-9823|Revista Brasileira de Geriatria e Gerontologia
scl|0100-7203|Revista Brasileira de Ginecologia e Obstetrícia
scl|1516-8484|Revista Brasileira de Hematologia e Hemoterapia
scl|0102-0188|Revista Brasileira de História
scl|1984-6398|Revista Brasileira de Linguística Aplicada
scl|1517-8692|Revista Brasileira de Medicina do Esporte
scl|0102-7786|Revista Brasileira de Meteorologia
scl|1413-7739|Revista Brasileira de Oceanografia
scl|0034-7280|Revista Brasileira de Oftalmologia
scl|0102-3616|Revista Brasileira de Ortopedia
scl|0034-7299|Revista Brasileira de Otorrinolaringologia
scl|1984-2961|Revista Brasileira de Parasitologia Veterinária
scl|1516-0572|Revista Brasileira de Plantas Medicinais
scl|0034-7329|Revista Brasileira de Política Internacional
scl|1516-4446|Revista Brasileira de Psiquiatria
scl|0482-5004|Revista Brasileira de Reumatologia
scl|1519-3829|Revista Brasileira de Saúde Materno Infantil 
scl|0303-7657|Revista Brasileira de Saúde Ocupacional
scl|0101-3122|Revista Brasileira de Sementes
scl|0103-507X|Revista Brasileira de Terapia Intensiva
scl|0101-8175|Revista Brasileira de Zoologia
scl|1516-3598|Revista Brasileira de Zootecnia
scl|1516-1846|Revista CEFAC
scl|0034-737X|Revista Ceres
scl|1806-6690|Revista Ciência Agronômica
scl|1519-7077|Revista Contabilidade & Finanças
scl|1415-5419|Revista Dental Press de Ortodontia e Ortopedia Facial
scl|1808-2432|Revista Direito GV
scl|1806-0013|Revista Dor
scl|0104-026X|Revista Estudos Feministas
scl|1983-1447|Revista Gaúcha de Enfermagem
scl|1983-4195|Revista IBRACON de Estruturas e Materiais
scl|1414-4980|Revista Katálysis
scl|0104-1169|Revista Latino-Americana de Enfermagem
scl|1415-4714|Revista Latinoamericana de Psicopatologia Fundamental
scl|1980-6523|Revista Odonto Ciência
scl|0103-0582|Revista Paulista de Pediatria
scl|0104-4230|Revista da Associação Médica Brasileira
scl|1983-3083|Revista da Educação física / UEM
scl|0080-6234|Revista da Escola de Enfermagem da USP
scl|0102-2555|Revista da Faculdade de Educação
scl|1516-8034|Revista da Sociedade Brasileira de Fonoaudiologia
scl|0037-8682|Revista da Sociedade Brasileira de Medicina Tropical
scl|0080-2107|Revista de Administração (São Paulo)
scl|1415-6555|Revista de Administração Contemporânea
scl|0034-7612|Revista de Administração Pública
scl|0034-7590|Revista de Administração de Empresas
scl|0034-7701|Revista de Antropologia
scl|1415-9848|Revista de Economia Contemporânea
scl|0101-3157|Revista de Economia Política
scl|0103-2003|Revista de Economia e Sociologia Rural
scl|0001-3714|Revista de Microbiologia
scl|1415-5273|Revista de Nutrição
scl|0103-0663|Revista de Odontologia da Universidade de São Paulo
scl|0101-6083|Revista de Psiquiatria Clínica
scl|0101-8108|Revista de Psiquiatria do Rio Grande do Sul
scl|0034-8910|Revista de Saúde Pública
scl|0104-4478|Revista de Sociologia e Política
scl|0100-6991|Revista do Colégio Brasileiro de Cirurgiões
scl|0104-8023|Revista do Departamento de Psicologia. UFF
scl|0041-8781|Revista do Hospital das Clínicas
scl|0036-4665|Revista do Instituto de Medicina Tropical de São Paulo
scl|0100-6762|Revista Árvore
scl|1516-3180|Sao Paulo Medical Journal
scl|0104-1290|Saúde e Sociedade
scl|0103-1759|Sba: Controle & Automação Sociedade Brasileira de Automatica
scl|0103-9016|Scientia Agricola
scl|1678-3166|Scientiae Studia
scl|0101-6628|Serviço Social & Sociedade
scl|1984-6487|Sexualidad, Salud y Sociedad (Rio de Janeiro)
scl|1982-4513|Sociedade & Natureza
scl|0102-6992|Sociedade e Estado
scl|1517-4522|Sociologias
scl|0104-9224|Soldagem & Inspeção
scl|0100-5405|Summa Phytopathologica
scl|1806-6445|Sur. Revista Internacional de Direitos Humanos
scl|0102-8839|São Paulo em Perspectiva
scl|2179-8451|TEMA (São Carlos)
scl|1413-7704|Tempo
scl|0103-2070|Tempo Social
scl|0104-0707|Texto & Contexto - Enfermagem
scl|1981-7746|Trabalho, Educação e Saúde
scl|0103-1813|Trabalhos em Linguística Aplicada
scl|0101-3173|Trans/Form/Ação
scl|2237-6089|Trends in Psychiatry and Psychotherapy
scl|1982-5676|Tropical Plant Pathology
scl|0104-8775|Varia Historia
scl|1809-4341|Vibrant: Virtual Brazilian Anthropology
scl|1984-4670|Zoologia (Curitiba)
scl|1516-1498|Ágora: Estudos em Teoria Psicanalítica
spa|0021-2571|Annali dell'Istituto Superiore di Sanità
spa|0365-2203|Arquivos da Faculdade de Higiene e Saúde Pública da Universidade de São Paulo
spa|1014-4390|Boletín Panamericano de Sanidad de la Oficina Sanitaria Internacional
spa|0030-0632|Boletín de la Oficina Sanitaria Panamericana
spa|0479-3420|Boletín de la Oficina Sanitaria Panamericana. Suplemento
spa|0301-5750|Bulletin of the Pan American Health Organization
spa|0042-9686|Bulletin of the World Health Organization
spa|0102-311X|Cadernos de Saúde Pública
spa|1413-8123|Ciência & Saúde Coletiva
spa|1687-1634|Eastern Mediterranean Health Journal
spa|0213-9111|Gaceta Sanitaria
spa|1555-7960|MEDICC Review
spa|1415-790X|Revista Brasileira de Epidemiologia
spa|0864-3466|Revista Cubana de Salud Pública
spa|1135-5727|Revista Española de Salud Pública
spa|1020-4989|Revista Panamericana de Salud Pública
spa|1726-4634|Revista Peruana de Medicina Experimental y Salud Pública
spa|0124-0064|Revista de Salud Pública
spa|0034-8899|Revista de Sanidad e Higiene Publica
spa|0034-8910|Revista de Saúde Pública
spa|1851-8265|Salud Colectiva
spa|0036-3634|Salud Pública de México
spa|0251-2432|World Health Forum
spa|0379-8070|World Health Statistics Quarterly
sss|1414-753X|Ambiente & sociedade
sss|1981-3821|Brazilian Political Science Review (Online)
sss|0104-8333|Cadernos Pagu
sss|0121-4772|Cuadernos de Economía
sss|0797-6062|Cuadernos del CLAEH
sss|0011-5258|Dados 
sss|0046-001X|Desarrollo Económico (Buenos Aires)
sss|0104-026X|Estudos Feministas
sss|1413-0580|Estudos Sociedade e Agricultura
sss|0717-7194|Historia (Santiago)
sss|0101-9074|História (São Paulo)
sss|0104-7183|Horizontes Antropológicos
sss|0121-5051|Innovar : Revista de Ciencias Administrativas y Sociales
sss|1414-3283|Interface - Comunicação, Saúde, Educação
sss|0100-512X|Kriterion: Revista de Filosofia
sss|0104-9313|Mana
sss|0101-3300|Novos Estudos - CEBRAP
sss|1012-1587|Opción (Maracaibo)
sss|1515-3371|Relaciones Internacionales 
sss|0100-8587|Religião & Sociedade
sss|0102-6909|Revista Brasileira de Ciências Sociais
sss|0717-1498|Revista Fuerzas Armadas y Sociedad 
sss|0797-9789|Revista Uruguaya de Ciencia Política
sss|0124-5996|Revista de Economía Institucional
sss|1819-0545|Revista de Humanidades y Ciencias Sociales (Santa Cruz de la Sierra)
sss|0104-4478|Revista de Sociologia e Política
sss|0327-7712|Sociedad (Buenos Aires)
sss|1517-4522|Sociologias
sss|1806-6445|Sur - Revista Internacional de Direitos Humanos
sss|1990-7451|T'inkazos
sss|0103-2070|Tempo Social
sss|1518-4471|Teoria & Sociedade
sss|1518-3319|Topoi: Revista de História
ven|0084-5906|Acta Botánica Venezuelica
ven|0001-6365|Acta Odontológica Venezolana
ven|1316-0354|Agroalimentaria
ven|0002-192X|Agronomía Tropical
ven|0798-0752|Anales Venezolanos de Nutrición
ven|0004-0622|Archivos Latinoamericanos de Nutrición
ven|0798-0264|Archivos Venezolanos de Farmacología y Terapéutica
ven|0254-1637|Argos
ven|1316-3361|Bioagro
ven|0798-9709|Boletin de Linguistica
ven|0376-723X|Boletín Técnico 
ven|1690-4648|Boletín de Malariología y Salud Ambiental
ven|1012-2508|Cuadernos del Cendes
ven|0798-4324|EPISTEME
ven|1316-4910|Educere
ven|1690-7515|Enlace
ven|0252-8274|Ernstia
ven|1315-6268|Frónesis
ven|1315-8597|Gaceta Laboral 
ven|0367-4762|Gaceta Médica de Caracas
ven|0378-1844|Interciencia
ven|0535-5133|Investigación Clínica
ven|1316-0087|Investigación y Postgrado
ven|0075-5222|Kasmera
ven|0459-1283|Letras
ven|0798-9784|Núcleo
ven|1012-1587|Opción
ven|1011-2251|Paradígma
ven|0798-2259|Revista Científica
ven|0255-6952|Revista Latinoamericana de Metalurgia y Materiales
ven|0254-0770|Revista Técnica de la Facultad de Ingeniería Universidad del Zulia
ven|1315-6411|Revista Venezolana de Economía y Ciencias Sociales
ven|1690-3110|Revista Venezolana de Endocrinología y Metabolismo
ven|1316-3701|Revista Venezolana de Estudios de la Mujer
ven|1315-9984|Revista Venezolana de Gerencia
ven|0798-0582|Revista Venezolana de Oncología
ven|1315-9518|Revista de Ciencias Sociales
ven|0798-1171|Revista de Filosofía
ven|0048-7732|Revista de Obstetricia y Ginecología de Venezuela
ven|0798-9792|Revista de Pedagogía
ven|0378-7818|Revista de la Facultad de Agronomía
ven|0258-6576|Revista de la Facultad de Ciencias Veterinarias
ven|0798-4065|Revista de la Facultad de Ingeniería Universidad Central de Venezuela
ven|0798-0469|Revista de la Facultad de Medicina
ven|1315-2556|Revista de la Sociedad Venezolana de Microbiología
ven|0798-0477|Revista del Instituto Nacional de Higiene Rafael Rangel
ven|1315-0138|Salud de los Trabajadores
ven|1316-4821|Universidad, Ciencia y Tecnología
ven|1315-5216|Utopìa y Praxis Latinoamericana
ven|0798-7269|Zootecnia Tropical
